code,description,make,model,category,serial,quantity,cost,purchased_on,warranty_expires,location,owning_project
,HAMMER DRILL EXTREME BULL DOG (8A),BOSCH,11255VSR,Power Tools,331009023,1,,,,,
,"4- 1/2"" ANGEL GRAINDER",BOSCH,GWS10-450P,Power Tools,329033250,1,,,,,
,"4- 1/2"" ANGEL GRAINDER",BOSCH,GWS10-450P,Power Tools,130007194,1,,,,,
,"14"" QUIKIE SAW",STIHL,TS-420,Power Tools,,1,,,,,
,"ELECTRIC DRILL 1/2""",DEWALL,DW511,Power Tools,DKJM5J0,1,,,,,
,"7- 1/4"" WARM DRIVE CIRCLE SAW",SKILL SAW,,Power Tools,321000552,1,,,,,
,HAMMER DRILL 13A,BOSCH,11264EVS,Power Tools,328000452,1,,,,,
,QUIKIE SAW,STIHL,TS-420,Power Tools,,1,,,,,
,"1/2"" IMPACT WRENCH",BOSCH,GDS18V-740CB14,Power Tools,131000704,1,,,,,
,LEAF BLOWER,STIHL,BG56C,,539161106,1,,,,,
,WALLSCANNER W/CHARGE& BATTERY,BOSCH,D-TECT2000,,325049330,1,,,,,
,Performance 2 tool combo kit,BOSCH,GXL18V-227B25,,I#224006591 D#227000542,1,,,,,
,Plate Compactor,WACKER NEWSON,WP1550AW,,10835754,1,,,,,
,"1/2"" Drill Kit",BOSCH,GSB18V-975CB25,Power Tools,223005412,1,,,,,
,Performance 2 tool combo kit,BOSCH,GXL18V-227B25,,I#41000059 D#224003659,1,,,,,
,QUIKIE SAW,STIHL,TS-420,Power Tools,195116602,1,,,,,
,"7""ANGEL GRAINDER",BOSCH,1974-8,Power Tools,326000573,1,,,,,
,"1/2"" Impact Wrench w/charger",BOSCH,GDS18V-740CB14,Power Tools,227000190,1,,,,,
,"4-1/2"" Angle Grainder",BOSCH,GWS10-450P,Power Tools,332039546,1,,,,,
,GENERATOR,Waker Newson,GP6600,,24579919,1,,,,,
,GENERATOR,Waker Newson,GP6600,,24563435,1,,,,,
,QUIKIE SAW,STIHL,TS-420,Power Tools,,1,,,,,
,QUIKIE SAW,STIHL,TS-420,Power Tools,,1,,,,,
,LEAF BLOWER,STIHL,BG86,,4241-011-175,1,,,,,
,HAMMER DRILL,BOSCH,11264EVS,Power Tools,228001280,1,,,,,
,HAMMER DRILL,BOSCH,11264EVS,Power Tools,228001276,1,,,,,
,GENERATOR,Waker Newson,GP6600,,,1,,,,,
,BACK PACK VIBRATOR,Waker Newson,BV50A-h,,24627123,1,,,,,
,HAMMER DRILL,BOSCH,11264EVS,Power Tools,328001279,1,,,,,
,HAMMER DRILL,BOSCH,11264EVS,Power Tools,28000640,1,,,,,
,Skill Saw,,,Power Tools,330001083,1,,,,,
,QUIKIE SAW,,TS-420,Power Tools,,1,,,,,
,BACK PACK VIBRATOR,,,,24642294,1,,,,,
,BACK PACK VIBRATOR,,GCBYT-208246,,24629536,1,,,,,
,QUIKIE SAW,,,Power Tools,,1,,,,,
,Skill Saw,,,Power Tools,13200481,1,,,,,
,HAMMER DRILL,BOSCH,11264EVS,Power Tools,42200711,1,,,,,
,Grease Gun,Dewalt,DCG6571,,WISUJDL,1,,,,,
,Charger & Battery 4AH,,,,,1,,,,,
,Hammer Breaker,BOSCH,11264EVS,Power Tools,422000711,1,,,,,
,Hammer Breaker,BOSCH,RH540M,Power Tools,424005550,1,,,,,
,PRESICION LASER W/TRIPOT AND SCALE ROD.,SPECTRA,LL100N,,,1,,,,,
,4' SMART LEAVEL,STABILA,,,,1,,,,,
,Performance 2 tool combo kit,BOSCH,GXL18V-227B25,,I#224006494 D#227000484,1,,,,,
,Plate Compacter,WACKER NEWSON,WP1550AW,,11650615,1,,,,,
,"TRASH PUMP 3""",MULTIEQUIP,QP3TH,,3TH-46308,1,,,,,
,WATER HOSE 3'X50' W/ LAYD FLAT DISCHARGE-CAMALOCK,,,,,4,,,,,
,WATER HOSE 3'X20' PVC SUCTION W/CAMALOCK,,,,,1,,,,,
,"4-1/2"" ANGLE GRAINDER",BOSCH,,Power Tools,,2,,,,,
,ELECTRIC DRILL,DEWALL,DR-018,Power Tools,DW130V,1,,,,,
,GENERATOR,WACKER NEWSON,GP5600,,24563437,1,,,,,
,GENERATOR,HONDA,EB6500X,,EBLC-1027218,1,,,,,
,PLATE COMPACTOR,MIKASA,MVC-82VHW,,G13056,1,,,,,
,QUIKIE SAW,TS-420,,Power Tools,,1,,,,,
,QUIKIE SAW,TS-420,,Power Tools,,1,,,,,
,BACK PACK VIBRATOR,WACKER NEWSON,BV50A-H,,,1,,,,,
,"20"" WALL BEGIN CONCRETE SAW",HUSQVARNA,FS400,Power Tools,2022050089,1,,,,,
,Hammer Drill,BOSCH,,Power Tools,22003016,1,,,,,
,Hammer Drill,BOSCH,RH-540M,Power Tools,331008829,1,,,,,
,Leaf Blower,Stihl,BG56C,,535860162,1,,,,,
,"7"" Angle Grinder 15A",,1772-6,Power Tools,423029666,1,,,,,
,"4 1/2"" Angle grinder 10A",,GWS10-450P,Power Tools,527052717,1,,,,,
,Diamond Cup Wheel,BOSCH,DC4518,,,1,,,,,
,"1/2"" Hammer Drill/Driver",Milwaukee,2904-20,Power Tools,M64AF230206819,1,,,,,
,"1/2"" Hammer Drill/Driver",Milwaukee,2904-20,Power Tools,M64AF230206821,1,,,,,
,"1/2"" Hammer Drill/Driver",Milwaukee,,Power Tools,,1,,,,,
,"4-1/2"" Angel Grinder",Milwaukee,2880-20,Power Tools,L64BF225004744,1,,,,,
,"4-1/2""Angel Grinder",Milwaukee,2880-20,Power Tools,L64BF226004745,1,,,,,
,Lever Hoist,Magna,LH200,,115932,1,,,,,
,Lever Hoist,Magna,LH200,,115916,1,,,,,
,Reciprocating Saw,Milwaukee,2821-22,Power Tools,L37AD231702607,1,,,,,
,concrete Vibrators,Wacker Newson,,,,2,,,,,
,Extension Cord 100',Yellow Jacket,,,,3,,,,,
,Hand Blower electric,Milwaukee,,,,1,,,,,
,"14"" Quikie saw",Stihl,TS-420,Power Tools,,1,,,,,
,Trash Water Pump,,,,,1,,,,,
,"1/2"" Drill",Milwaukee,,Power Tools,,1,,,,,
,1/4 Hex impact,Bosch,,Power Tools,,1,,,,,
,"7-1/2"" warm drive Circular saw",Skillsaw,,Power Tools,,2,,,,,
,Headlamps for Employees,Cosoos,,,,6,,,,,
,Harness M-L,Guardian,,,,5,,,,,
,Yellow Strap 20',Kennedy Wire Rope,,,,2,,,,,
,Blue Strap 10',Kennedy Wire Rope,,,,2,,,,,
,"48"" Shovel Square",Union Tools,,,,3,,,,,
,"48"" Shovel Point",Union Tools,,,,2,,,,,
,Wheel barrow,True Temper,,,,2,,,,,
,sledge hammer 10lbs,True Temper,,Power Tools,,2,,,,,
,"Extension ladder 24""",Werner,,,,1,,,,,
,Power Generator,Wacker Newson,GP6500,,24560443,1,,,,,
,Power Generator,Wacker Newson,GP6500,,24560444,1,,,,,
,Chopsaw,Stihl,,Power Tools,,1,,,,,
,Harness M-L,,,,,5,,,,,
,Yellow Strap 20',,,,,2,,,,,
,Blue Strap 10',,,,,2,,,,,
,sledge hammer 10lbs,,,Power Tools,,2,,,,,
,Gas can 2 gal,,,,,2,,,,,
,Gas can 5 gal,,,,,3,,,,,
,Form Release Red Can,,,,,1,,,,,
,"Wrench pipe 36""",,,,,1,,,,,
,"Pry Bar 60""",,,,,2,,,,,
,Wheel barrow,True Temper,,,,2,,,,,
,"1/2"" High Torque",Milwaukee,2767-20,,,1,,,,,
,GENERATOR,WACKER NEWSON,GP6600,,24560604,1,,,,,
,GENERATOR,WACKER NEWSON,GP6600,,24564189,1,,,,,
,PLATE COMPACTOR,MULTIQUIP,MVC-88VTHW,,J12534,1,,,,,
,"20"" CONCRETE SAW WALK BEHING",HUSQVARNA,FS400LV,Power Tools,20222230030,1,,,,,
,QUIKIE SAW,STIHL,TS-420,Power Tools,,1,,,,,
,BACK PACK VIBRATOR,WACKER NEWSON,BV50A-h,,24528057,1,,,,,
,QUIKIE SAW,STIHL,TS-420,Power Tools,1939913890,1,,,,,
,ELECTRIC HAMMER DRILL,BOSCH,11264EVS,Power Tools,122000559,1,,,,,
,ELECTRIC HAMMER DRILL,BOSCH,11264EVS,Power Tools,329001361,1,,,,,
,ELECTRIC HAMMER DRILL,BOSCH,RH-540M,Power Tools,328007103,1,,,,,
,FIRE EXTINGHISHER,Kidde,3 lb,,,1,,,,,
,FIRE EXTINGHISHER,Kidde,5 lb.,,,1,,,,,
,ELECTRIC HAMMER DRILL,BOSCH,11264EVS,Power Tools,122000589,1,,,,,
,ELECTRIC HAMMER DRILL,BOSCH,11264EVS,Power Tools,328000450,1,,,,,
,Air Compressor 2.5 Gallon,Dewalt,,,,1,,,,,
,"7-1/2"" warm drive Circular saw",Skillsaw,,Power Tools,125000566,1,,,,,
,"7-1/2"" warm drive Circular saw",Skillsaw,,Power Tools,707002622,1,,,,,
,Drill Driver,Dewalt,PW2350,Power Tools,PW2350,1,,,,,
,Water Pump,,,,21703748017,1,,,,,
,Electrical Vibrator,,,,AN3215808,1,,,,,
,Fire Extinguisher,Kidde,3 Lb,,,1,,,,,
,Fire Extinguisher,Kidde,5 Lb,,,1,,,,,
,Concrete vibrator Shaft w/ head,Wacker Neuson,,,,1,,,,,
,pick,,,,,1,,,,,
,Shovel,,,,,8,,,,,
,Leaf Blower,Stihl,B686C,,B686C,1,,,,,
,Bull Float,,,,,1,,,,,
,Fresno,,,,,1,,,,,
,Bull float Handles,,,,,1,,,,,
,Heavy Duty Pry Bar,,,,,2,,,,,
,ELECTRIC HAMMER DRILL,BOSCH,11264EVS,Power Tools,,1,,,,,
,ELECTRIC HAMMER DRILL,BOSCH,11264EVS,Power Tools,328001314,1,,,,,
,ELECTRIC HAMMER DRILL,BOSCH,RH-540M,Power Tools,703001198,1,,,,,
,BACK PACK VIBRATOR,Wacker Neuson,BV50A-h,,24592229,1,,,,,
,Concrete vibrator Shaft w/ head,Wacker Neuson,,,,1,,,,,
,BACK PACK VIBRATOR,WACKER NEWSON,BV50A-H,,24523179,1,,,,,
,Quicky Saw,STHIL,TS-420,Power Tools,,1,,,,,
,Quicky Saw,STHIL,TS-420,Power Tools,,1,,,,,
,GENERATOR,HONDA,EB6500X,,EBLC-1520520,1,,,,,
,GENERATOR,HONDA,EB6500X,,EBLC-1514786,1,,,,,
,PLATE COMPACTOR,WACKER NEWSON,WP1550AW,,11714586,1,,,,,
,"20"" Walk Behind Concrete Saw",HUSQVARNA,FS400LV,Power Tools,20220500089,1,,,,,
,Leaf Blower,Stihl,BG86,,,1,,,,,
,FIRE EXTINGUISHER,KIDDE,3 LB,,,1,,,,,
,FIRE EXTINGUISHER,KIDDE,5 LB,,,1,,,,,
,100' Heavy Duty Extension Cords,,,,,3,,,,,
,"4-1/2"" Angel Grinder",Dewalt,,Power Tools,21286,1,,,,,
,Air Compressor 2.6 Gallon,Porter Cable,,,2471289383,1,,,,,
,"7-1/2"" warm drive Circular saw",Skillsaw,,Power Tools,31003157,1,,,,,
,Drill Driver,Milwaukee,,Power Tools,,1,,,,,
,Drill Driver,Dewalt,,Power Tools,,1,,,,,
,Hammer Drill,Dewalt,,Power Tools,8018,1,,,,,
,"7-1/2""Angel Grinder",Bosch,,Power Tools,,1,,,,,
,"7-1/2"" Warm Drive Circle Saw",Dewalt,,Power Tools,,1,,,,,
,SDS Max Drill,Milwaukee,,Power Tools,,1,,,,,
,Hammer Drill,Dewalt,,Power Tools,,1,,,,,
,SDS Max Drill,Bosch,,Power Tools,,1,,,,,
,SDS Plus Drill,Metabo,,Power Tools,,1,,,,,
,Water Pump,Koshin,,,30075501,1,,,,,
,Concrete vibrator Nozzle,Wacker Neuson,,,,1,,,,,
,pick,,,,,1,,,,,
,Shovel,,,,,4,,,,,
,Bull Float,,,,,2,,,,,
,Fresno,,,,,1,,,,,
,Bull float Handles,,,,,6,,,,,
,Rebar Bender,,,,,1,,,,,
,Metal Gasoline Can With Flex Funnel Nozzle Red,Eagle,,,,1,,,,,
,Level with Tripod,Topcon,,,,1,,,,,
,"Smart Level 4""",,,,,1,,,,,
,BACK PACK VIBRATOR,Wacker Neuson,BV50A-H,,24629586,1,,,,,
,Flexible Shaft 7',Wacker Neuson,SM-2S,,,1,,,,,
,"1-3/8"" Hybrid vibrator head",Wacker Neuson,H35HA,,,1,,,,,
,Skill Saw,Bosch,CSW41,Power Tools,127000250,1,,,,,
,Hammer Drill,Bosch,11264EVS,Power Tools,,1,,,,,
,Hammer Drill,Bosch,11264EVS,Power Tools,42003825,1,,,,,
,Quicky Saw,STHIL,TS-420,Power Tools,198226016,1,,,,,
,Hammer Drill,Bosch,11264EVS,Power Tools,,1,,,,,
,CORD LESS RECIPROCATING SAW COMBO,BOSCH,GSA18V-110,Power Tools,229003993,1,,,,,
,"7 1/4"" WORM DRIVE CIRCLE SAW",BOSCH,CSW41,Power Tools,329000182,1,,,,,
,ELECTRIC EXTENSION CORD 100FT,,,,,1,,,,,
,"ELECTRIC 1/2"" DRILL",DEWALL,DW511,Power Tools,DJ76VR0,1,,,,,
,48 IN DIGITAL LEVEL,BOSCH,G1M120,,,1,,,,,
,"CORD LESS 4- 1/2"" ANGEL GRAIDER COMBO",BOSCH,GWS18V-10PB14,,3601JJ4112,1,,,,,
,ELECTRIC HAMMER DRILL EXTREME BULL DOG,BOSCH,11255VSR,Power Tools,331009028,1,,,,,
,QUIKI SAW,STIHL,TS420,Power Tools,,1,,,,,
,ELECTRIC HAMMER DRILL 13A,BOSCH,11264EVS,Power Tools,323002627,1,,,,,
,PERFORMANCE COMBO KIT (DRILL/IMPACT W/ BATTERY),BOSCH,GXL18V-227B25,Power Tools,D-222001326,1,,,,,
,"3/4"" IMPACT WRENCH",BOSCH,GDS18V-770CN,Power Tools,130000302,1,,,,,
,CHARGER LITHIUM -ION STARTER KIT,BOSCH,8 Ah.,,,1,,,,,
,LEAF BLOWER,STIHL,BG56C,,539161093,1,,,,,
,"CORD LESS 1/2"" IMPACT WRENCH",BOSCH,GDS18V-740CB14,Power Tools,131000703,1,,,,,
,High Power Battery (8 Ah),BOSCH,GDA18V80,,231210341,1,,,,,
,High Power Battery (8 Ah),BOSCH,GDA18V80,,231210580,1,,,,,
,Charger 4 A/ 18 V,BOSCH,GAL18V-40,,,1,,,,,
,Charger 4 A/ 18 V,BOSCH,GAL18V-40,,,1,,,,,
,Hammer Drill,BOSCH,11264EVS,Power Tools,427000426,1,,,,,
,Reciprocating Saw,BOSCH,RS325,Power Tools,226001064,1,,,,,
,"4"" Smart Level",,GIM 120,,428000067,1,,,,,
,50' Heavy Duty Extension cords,,,,,3,,,,,
,"7-1/2"" Warm Drive Circular saw",Skilsaw,,Power Tools,,1,,,,,
,"Drill Driver 1/4""",Bosch,,Power Tools,,1,,,,,
,"Hammer Drill 1/2""",Bosch,,Power Tools,,1,,,,,
,Power Generator,Honda,,,,1,,,,,
,Quicky Saw,Stihl,,Power Tools,,1,,,,,
,Pick,,,,,1,,,,,
,Shovel,,,,,4,,,,,
,Concrete Back Pack Vibrator,Wacker Newson,,,,1,,,,,
,Leaf Blower,Stihl,BG86,,,1,,,,,
,Quicky Saw,Stihl,TS-420,Power Tools,,1,,,,,
,Comelongs concrete tools,,,,,4,,,,,
,Bull Float 6',,,,,1,,,,,
,Fresno 4' concrete tools,,,,,1,,,,,
,Geangle Concrete tools,,,,,6,,,,,
,Metal Gasoline Can with Flex funnel Nozzle Red,Eagle,,,,3,,,,,
,Battery Charger 18V,Bosch,GAL18V-40,,,1,,,,,
,Floodlight,Bosch,GLI18V-1900N,,,1,,,,,
,Hight Power Battery 8Ah,Bosch,GBA18V80,,,1,,,,,
,"chisel 18""",Bosch,HS1912,,,1,,,,,
,"Chisel 16""",Bosch,HS1936,,,1,,,,,
,"concrete diamond blade 14""",Bosch,DB1441E,,,1,,,,,
,"1/2"" High Torque",Milwaukee,2767-20,,,1,,,,,
,"1/2"" High Torque",Milwaukee,2767-20,,,1,,,,,
,"1/4"" Hex Impact Driver",Milwaukee,2953-20,Power Tools,M67AF231403532,1,,,,,
,"1/4"" Hex Impact Driver",Milwaukee,2953-20,Power Tools,M67AF231627506,1,,,,,
,"1/4"" Hex Impact Driver",Bosch,GDX18V-1860C,Power Tools,227000888,1,,,,,
,Concrete Vibrator,Wacker Newson,510000600,,11609405,1,,,,,
,Concrete Vibrator,Wacker Newson,510000600,,11599923,1,,,,,
,Sawzall Reciprocating Saw,Milwaukee,2821-22,Power Tools,L37AD231702655,1,,,,,
,SDS Max Hammer Drill,Bosch,11264EVS,Power Tools,,1,,,,,
,Chopsaw,Sthil,,Power Tools,,1,,,,,
,Extension Cord 100',Yellow Jacket,,,,4,,,,,
,Generator,Honda,GP5600a,,,1,,,,,
,"7-1/2"" warm drive Circular saw",Skillsaw,,Power Tools,,2,,,,,
,Headlamps for Employees,Cosoos,,,,6,,,,,
,Harnes M-L,Guardian,6,,,6,,,,,
,"Magnetic Level 72""",,,,,1,,,,,
,"Magnetic Level 48""",,,,,1,,,,,
,"Wrench pipe 36""",,,,,2,,,,,
,Blue Straps 10',,,,,3,,,,,
,Lever Hoist 1-1/2Ton,,,,,2,,,,,
,"48"" Shovel Square",,,,,2,,,,,
,Gas blower,Stihl,BG50,,,1,,,,,
,"Pry Bar 60""",Kraft,,,,2,,,,,
,"16""x3-1/4"" Magnesium Float",Kraft,,,,2,,,,,
,Gas can 5 gal,Eagle,,,,2,,,,,
,Gas can 2 gal,Eagle,,,,2,,,,,
,Form Release Red Can,Chapin,,,,1,,,,,
,Form Release Red Can,Chapin,,,,1,,,,,
,Hammer Drill,Bosch,RH450M,Power Tools,225001099,1,,,,,
,QUIKIE SAW,STIHL,TS-420,Power Tools,,1,,,,,
,QUIKIE SAW,STIHL,TS-420,Power Tools,,1,,,,,
,GENERATOR,HONDA,EB6500X,,EBCL-1513008,1,,,,,
,GENERATOR,WACKER NEWSON,GP6600,,24478932,1,,,,,
,PLATE COMPACTOR,BOOMAG,MVP18/45,,101630112483,1,,,,,
,BACK PACK VIBRATOR,Wacker Newson,BV50A-h,,24610819,1,,,,,
,"4-1/2"" Angle Grinder",corded,,Power Tools,,1,,,,,
,Air Compressor,Porter Cable,,,229000664,1,,,,,
,"7-1/2"" Warm Drive Circular saw",Skillsaw,,Power Tools,324000316,1,,,,,
,Drill Driver,Milwaukee,,Power Tools,J76A213500992,1,,,,,
,Drill Driver,Dewalt,,Power Tools,,1,,,,,
,"7"" Angle Grinder",Bosch,,Power Tools,,1,,,,,
,"7-1/2"" Warm Drive Circular saw",Dewalt,,Power Tools,,1,,,,,
,SDS Max Drill,Wacker Neuson,,Power Tools,684A022100534,1,,,,,
,Hammer Drill,Dewalt,,Power Tools,,1,,,,,
,SDS Max Drill,Bosch,,Power Tools,3611B69010,1,,,,,
,SDS Plus Drill,Metabo,,Power Tools,,1,,,,,
,Water Pump,Wacker Neuson,,,,1,,,,,
,pick,,,,,3,,,,,
,Shovel,,,,,6,,,,,
,Power Generator,WACKER NEWSON,GP 6600,,24306297,1,,,,,
,Hammer Drill,Bosch,RH-850VC,Power Tools,326000198,1,,,,,
,"20"" Walk Behind Concrete Saw",Diamond Products,GX390,Power Tools,170275,1,,,,,
,Skill Saw,,SPTT77W,Power Tools,332000982,1,,,,,
,Skill Saw,,SPTT77W,Power Tools,330000050,1,,,,,
,Hammer Drill,Bosch,11255VSR,Power Tools,225186070,1,,,,,
,Hammer Drill,Bosch,11255VSR,Power Tools,331008983,1,,,,,
,"Angle Grinder 4 1/2""",,GWS10-450P 324024183,Power Tools,,1,,,,,
,Hammer Drill,,11264EVS,Power Tools,522001249,1,,,,,
,Hammer Drill,,11264EVS,Power Tools,525000118,1,,,,,
,"1/2"" Electric Drill",,,Power Tools,c524150N610179,1,,,,,
,Lept Spectra,,AL-28m,,907758-202106,1,,,,,
,"Smart Level 4""",Stabila,,,,1,,,,,
,Concrete Vibrator,WACKER NEWSON,M-1500,,11299047,1,,,,,
,Sumergeble Pump,TSURIMY,HS2.48,,,1,,,,,
,Metal Tank,,5 gal,,,3,,,,,
,Red Metal,,5 gal,,,2,,,,,
,Metal bottle sprayer,,,,,2,,,,,
,Ext cord,,"50\""",,,1,,,,,
,Ext cord,,"25\""",,,2,,,,,
,Power Generator,Honda,EB6500X,,EBCL-151881,1,,,,,
,"7"" Angle Grinder 15anp",,1974-8D,Power Tools,523000128,1,,,,,
,Hammer Drill,,11264EVS,Power Tools,422000799,1,,,,,
,QUIKIE SAW,,TS-420,Power Tools,,1,,,,,
,BACK PACK VIBRATOR,WACKER NEWSON,GEBYT-2081997 24629601,,,1,,,,,
,PLATE COMPACTOR,,,,,1,,,,,
,Fire Extinguisher,Buckeye,5LB,,,2,,,,,
,Hand Blower,STIHL,BG50,,541307606,1,,,,,
,Back Pack Blowers,STIHL,450,,545526852,1,,,,,
,Back Pack Blowers,STIHL,450,,545526641,1,,,,,
,Skill Saw,,,Power Tools,,1,,,,,
,Skill Saw,,,Power Tools,332004110,1,,,,,
,Skill Saw,,,Power Tools,0 32000875,1,,,,,
,QUIKIE SAW,,,Power Tools,,1,,,,,
,Skill Saw,,,Power Tools,,1,,,,,
,"1/2"" Hammer Drill/Driver",DeWalt,DCD996P2,Power Tools,DW235G,1,,,,,
,"1/2"" Impact Wrench",Milwaukee,2767-20,Power Tools,H96AM225119205,1,,,,,
,"1/2"" Impact Wrench",Milwaukee,2767-20,Power Tools,H96AM225119067,1,,,,,
,"1/4"" Hex Impact Driver",Milwaukee,2953-20,Power Tools,M67AF231403677,1,,,,,
,Power Generator,Honda,EB 6500X,,2431600,1,,,,,
,Portable Inverter Generator,Honda,EU 2200i,,EAMT-2741926,1,,,,,
,SDS Max Hammer,Bosch,,Power Tools,3611 B64012,1,,,,,
,"Skillsaw 7-1/4""",Skillsaw,,Power Tools,325000128,1,,,,,
,Extension Cord 100',Yellow Jacket,,,,2,,,,,
,"14"" cutquick saw",Stihl,,Power Tools,,1,,,,,
,"4-1/2""/5"" Grinder Paddle Switch",Bosch,,Power Tools,,1,,,,,
,Air Compressor,,,,,1,,,,,
,Nail Gun,Makita,,,,1,,,,,
,Sawzall Reciprocating Saw,Milwaukee,,Power Tools,,1,,,,,
,Headlamps for Employees,Cosoos,,,,7,,,,,
,Harness M-L,Guardian,,,,7,,,,,
,"48"" Shovel Square",Union Tools,,,,1,,,,,
,"48"" Shovel Point",Union Tools,,,,1,,,,,
,"Wrench pipe 48""",Ridgid,,,,1,,,,,
,Sledge Hammer 16lbs,True Temper,,Power Tools,,1,,,,,
,Backpack Concrete Vibrator,Wacker Newuson,BV50A-H,,,1,,,,,
,Gas blower,Stihl,BG50,,,1,,,,,
,"Pry Bar 60""",Kraft,,,,2,,,,,
,"48"" Finish broom w/bracket",Marshalltown,,,,1,,,,,
,Gas can 5 gal,Eagle,,,,4,,,,,
,Diesel can 5 gal,Eagle,,,,3,,,,,
,Form Release Red Can,Chapin,,,,1,,,,,
,"Magnetic Level 72""",Milwaukee,,,,1,,,,,
,"Magnetic Level 48""",Milwaukee,,,,1,,,,,
,"7 1/4"" Skill Saw",,,Power Tools,,1,,,,,
,Quikie Saw,,,Power Tools,,1,,,,,
,Skill Saw,,,Power Tools,32000875,1,,,,,
,Fire Extinguisher,,5 LB,,,4,,,,,
,Electric Rebar Bender,VEVOR,NRB-25,,23092859864,1,,,,,
,"Heaby Dutty Chain 1/2""",,,,,1,,,,,
,"Heaby Dutty Chain 3/8""",,,,,1,,,,,
,Chain Tensioner,,,,,2,,,,,
,100' Heavy Duty Extension cords,,,,,2,,,,,
,"4-1/2"" Angel Grinder",,,Power Tools,,1,,,,,
,Battery Chargers,Dewalt,,,,1,,,,,
,Warm Drive Circular Saw,Skilsaw,,Power Tools,,1,,,,,
,"7"" Angel Grinder",Dewalt,,Power Tools,,1,,,,,
,Hammer Drill,Bosch,,Power Tools,,1,,,,,
,Water pump,,,,,1,,,,,
,Reciprocator Saw,Dewalt,,Power Tools,,1,,,,,
,"Wrench 1/2"" drive with battery",Wacker Newson,,,,1,,,,,
,Electric Vibrator,Wacker Newson,,,,1,,,,,
,3M Harnesses,,,,,3,,,,,
,Safty Can Red,Justrite,,,,2,,,,,
,Concrete Vibrator Nozzle,,,,,1,,,,,
,Hammer,Bosch,,Power Tools,,1,,,,,
,Pick,,,,,1,,,,,
,Shovel,,,,,3,,,,,
,Hand Blower,Stihl,,,,1,,,,,
,Plate Compactor,Wacker Newson,,,,1,,,,,
,Power Generator,Wacker Newson,,,,1,,,,,
,Quicky Saw,Stihl,,Power Tools,,1,,,,,
,Comealong Concrete Tools,,,,,3,,,,,
,Bull Float 6',,,,,1,,,,,
,Screed 16',,,,,1,,,,,
,Screed 10',,,,,1,,,,,
,Pipe Extension Handles 6',,,,,6,,,,,
,Concrete Finish Brush -Broom,,,,,1,,,,,
,GENERATOR,HONDA,EB6500X,,EBLC-1520001,1,,,,,
,GENERATOR,HONDA,EB6500X,,EBLC-1318881,1,,,,,
,PLATE COMPACTOR,WACKER NEWSON,WP1550AW,,11856380,1,,,,,
,ELECTRIC HAMMER DRILL,BOSCH,RH540M,Power Tools,,1,,,,,
,BACK PACK VIBRATOR,WACKER NEWSON,BV50A-H,,,1,,,,,
,"7 1/2"" WARM DRIVE SAW",SKILL SAW,,Power Tools,32004128,1,,,,,
,QUIKIE SAW,STIHL,TS-420,Power Tools,193794154,1,,,,,
,LEAF BLOWER,STIHL,BS-50,,534185359,1,,,,,
,ELECTRIC HAMMER DRILL,BOSCH,11264EVS,Power Tools,128003405,1,,,,,
,"20"" Walk Behind Concrete Saw",Husqvarna,FS400LV,Power Tools,,1,,,,,
,100' Heavy Duty Extension Cords,,,,,4,,,,,
,50' Heavy Duty Extension Cords,,,,,2,,,,,
,"4-1/2"" Angle Grinder",Bosch,,Power Tools,131029065,1,,,,,
,"1/2"" Electrical Drill",Dewalt,DW235G,Power Tools,DFCJ4DX,1,,,,,
,SDS Plus Drill,Metabo,,Power Tools,210351,1,,,,,
,Concrete vibrator Nozzle,,,,,1,,,,,
,pick,,,,,2,,,,,
,Shovel,,,,,4,,,,,
,Bull Float,,,,,1,,,,,
,Fresno,,,,,1,,,,,
,Ply Bars,,,,,2,,,,,
,Metal Gasoline Can With Flex Funnel Nozzle Red,Eagle,,,,2,,,,,
,Perforamance 2 tool Combo Kit,BOSCH,GXL18V-227B25,,D#22700527 I#224006545,1,,,,,
,Quiki Saw,STIHL,TS-420,Power Tools,193914403,1,,,,,
,"Impact Wrench 1/2""",Bosch,GDS18V-740CB14,Power Tools,223000081,1,,,,,
,Hammer Drill,Bosch,11264EVS,Power Tools,328001245,1,,,,,
,Plate Compactor,,,,,1,,,,,
,QUIKIE SAW,STIHL,TS-420,Power Tools,,1,,,,,
,LEAF BLOWER,STIHL,BS-50,,,1,,,,,
,Generator,Honda,EB5000X,,EB-50-AN,1,,,,,
,Vibroplate,Mikasa MQ,G13076,,PC-012,1,,,,,
,Cordless Impact Wrench,Bosch,GDS18V-740C,Power Tools,,1,,,,,
,Cordless Impact Wrench,Milwaukee,2 Tool Kit Impact M18 Fuel,Power Tools,2997-22,1,,,,,
,Cordless Impact Wrench,DeWalt,Cordless,Power Tools,DCF899,1,,,,,
,Rotary Hammer,Bosch,RH540M,Power Tools,029012917,1,,,,,
,"7-1/4"" Worm Drive Saw",Skilsaw,E490426,Power Tools,032001988,1,,,,,
,"7-1/4"" Worm Drive Saw",Skilsaw,E490426,Power Tools,131001401,1,,,,,
,Cutquiksaw,Stihl,TS420,Power Tools,42383510502B,1,,,,,
,Blower,Stihl,BG50,,42297010609A,1,,,,,
,Rotary Hammer,Bosch,11255VSR,Power Tools,12505,1,,,,,
,Rotary Hammer,Bosch,11264EVS,Power Tools,3611B64012,1,,,,,
,Grinder,DeWalt,DWE402,Power Tools,DWE402,1,,,,,
,Grinder,Bosch,GWS10-45P,Power Tools,124000438,1,,,,,
,Automatic Level,Spectra Precision,Optical Automatic Level,,AL24A,1,,,,,
,Laser,Spectra Precision,CR600,,LL300N,1,,,,,
,Fall Protection,Sala,Twin Class 2 3500276,,0914197,1,,,,,
,Fall Protection,Sala,Twin Class 2 3500276,,0914198,1,,,,,
,Fall Protection,Sala,Twin Class 2 3500276,,09132204,1,,,,,
,Fall Protection,Sala,Twin Class 2 3500276,,09132205,1,,,,,
,Fall Protection,Sala,Twin Class 2 3500276,,0914251,1,,,,,
,Fall Protection,Sala,Twin Class 2 3500276,,0914252,1,,,,,
,Safety Harness,Protecta,3M Protecta,,1161205PR3,1,,,,,
,Safety Harness,Protecta,3M Protecta,,,1,,,,,
,Safety Harness,Protecta,3M Protecta,,,1,,,,,
,GENERATOR,WAKER NEWSON,GP6600,,24560605,1,,,,,
,GENERATOR,WAKER NEWSON,GP6600,,24560606,1,,,,,
,PLATE COMPACTOR,WAKER NEWSON,VP1550,,5100029054,1,,,,,
,QUIKIE SAW,STIHL,TS-420,Power Tools,,1,,,,,
,HAMMER DRILL,BOSCH,RH540M,Power Tools,330003021,1,,,,,
,QUIKIE SAW,STIHL,TS-420,Power Tools,194730816,1,,,,,
,"6 1/2"" WATER PAINT BRUSCH",,,,,3,,,,,
,"24"" CONCRETE FINISHER HORSE HAIR BROOM",,,,,2,,,,,
,10 LB. SLEDGE HAMMER,,,Power Tools,,1,,,,,
,BACK PACK VIBRATOR,OZTEC,GXH50UT,,AP3229811,1,,,,,
,6' BAKER BROOM,,,,,1,,,,,
,"16' X 1 1/2""X 3 1/2"" MAGNESIUM SCREED CRAFT",,,,,1,,,,,
,"28X AUTO BUILDERS LEVEL W/CASE, TRIPOD AND ROD",SPECTRA,,,919717,1,,,,,
,7' FLEXIBLE VIBRATOR SHAFT,OZTEC,,,,1,,,,,
,"2"" VIBRATOR HEAD",OZTEC,,,,1,,,,,
,100' Heavy Duty Extension Cords,,,,,4,,,,,
,50' Heavy Duty Extension Cords,,,,,2,,,,,
,"4-1/2"" Angel Grinder",,,Power Tools,,2,,,,,
,Air Compressor 2.5 Gallon Electric,Dewalt,,,,1,,,,,
,"7 - 1/2"" Warm Drive Circular Saw",Bosch,,Power Tools,125001343,1,,,,,
,"7 - 1/2"" Warm Drive Circular Saw",Skillsaw,,Power Tools,5060011989,1,,,,,
,Concrete vibrator Electric,Walker Neason,,,AM1200573,1,,,,,
,Drill Driver,Dewalt,,Power Tools,,1,,,,,
,SDS Max Drill,Bosch,RH540M,Power Tools,,1,,,,,
,SDS Max Drill,Dewalt,,Power Tools,3691B64012,1,,,,,
,SDS Plus Drill,Milwaukee,,Power Tools,,1,,,,,
,Water Pump,Wacker Newson,,,2A5A133213,1,,,,,
,Metal Gasoline Can With Flex Funnel Nozzle Red,Eagle,,,,2,,,,,
,Leaf Blower,Stihl,BG86,,,1,,,,,
,pick,,,,,3,,,,,
,Shovel,,,,,6,,,,,
,Level with Tripod,Topcon,,,,1,,,,,
,Smart Level 4',,,,,2,,,,,
,Bull Float,,,,,1,,,,,
,Fresno,,,,,1,,,,,
,Bull float Handles,,,,,8,,,,,
,Rebar Bender,,,,,1,,,,,
,BACK PACK VIBRATOR,Wacker Newson,BV50A-h,,,1,,,,,
,BACK PACK VIBRATOR,OZTEC,,,,1,,,,,
,BACK PACK VIBRATOR,Wacker Newson,BV50A-h,,24624707,1,,,,,
,Flexible Shaft 7',Wacker Newson,SM2S,,,1,,,,,
,Flexible Shaft 10',Wacker Newson,SM3S,,,1,,,,,
,Vibrator Motor,Wacker Newson,M2500,,11756304,1,,,,,
,BACK PACK VIBRATOR,Wacker Newson,Bv-003,,,1,,,,,
,Quickie saw,Ts-420,,Power Tools,,1,,,,,
,"worm drive saw 7/4""",BOSCH,ESW-41,Power Tools,329000328,1,,,,,
,Skillsaw,,SPT77W,Power Tools,422000122,1,,,,,
,Impact Drill,Milwaukee,,Power Tools,,1,,,,,
,1/2 Drill,Dewalt,DW2359,Power Tools,DFC-J007,1,,,,,
,Leaf Blower,STIHL,BG50,,541787597,1,,,,,
,HAMMER DRILL,BOSCH,11264EVS,Power Tools,423000281,1,,,,,
,Hammer DRILL,BOSCH,11264EVS,Power Tools,422000740,1,,,,,
,PLATE COMPACTOR,Wacker Newson,VP1550,,11377925,1,,,,,
,Power Generator,Wacker Newson,GP6600,,,1,,,,,
,Electric Cord Extension,,,,,1,,,,,
,"Angle Grinder 5""",BOSCH,GWS18V-10P 3061JJ4112,Power Tools,,1,,,,,
,2 Combo Kit,BOSCH,GDX18V-1860C 330000775,,,1,,,,,
,Water Pump,Wacker Newson,PST2-400,,24583097,1,,,,,
,HAMMER DRILL,BOSCH,11264EVS,Power Tools,2208001279,1,,,,,
,HAMMER DRILL,BOSCH,11264EVS,Power Tools,330000589,1,,,,,
,HAMMER DRILL,BOSCH,11255VSR,Power Tools,,1,,,,,
,"Drill bits 1/2"" x 6",BOSCH,,Power Tools,,10,,,,,
,Hand Blower,,BG-050,,547335331,1,,,,,
,Hand Blower,,BG-050,,547335333,1,,,,,
,Pin Pull,,,,,1,,,,,
,HAMMER DRILL,,,Power Tools,228000410,1,,,,,
,Quickie saw,,,Power Tools,,1,,,,,
,Hand Blower,,,,534800747,1,,,,,
,"5"" Angle Grinder",,,Power Tools,328050252,1,,,,,
,"5/1"" Angle Grinder",,,Power Tools,328050223,1,,,,,
,"7 1/4"" Worm Drive Saw",,CSW41,Power Tools,428001091,1,,,,,
,Hammer Drill,,,Power Tools,,2,,,,,
,Quickie saw,,,Power Tools,,1,,,,,
,Sds Max Drill,,RH540M,Power Tools,,1,,,,,
,Sds Max Drill,,RH540M,Power Tools,330000208,1,,,,,
,Quickie saw,,,Power Tools,,1,,,,,
,Generator,,S600,,,1,,,,,
,100' Heavy Duty Extension cords,,,,,2,,,,,
,Batteries,Dewalt,,,,2,,,,,
,Chargers,Dewalt,,,,1,,,,,
,Chargers,,,,,2,,,,,
,Warm Drive Circular Saw,Skilsaw,,Power Tools,,2,,,,,
,Drill Driver,Dewalt,,Power Tools,,1,,,,,
,"7"" Angel Grinder",Dewalt,,Power Tools,,1,,,,,
,Hammer Drill,Dewalt,,Power Tools,,1,,,,,
,Quicky Saw,Stihl,,Power Tools,,1,,,,,
,Water pump,,,,,1,,,,,
,"Wrench 1/2"" drive with battery",Impact,,,,1,,,,,
,"Wrench 1/4"" Drive with Battery",Impact,,,,1,,,,,
,3M Harnesses,,,,,4,,,,,
,Concrete Vibrator Nozzle,,,,,1,,,,,
,Hammer,,,Power Tools,,1,,,,,
,Pick,,,,,2,,,,,
,Ropes,,,,,2,,,,,
,Shovel,,,,,4,,,,,
,Leaf Blower,Stihl,BG86,,,1,,,,,
,Come alongs Concrete tools,,,,,2,,,,,
,Handles,,,,,4,,,,,
,Handle Floats concrete tools,,,,,2,,,,,
,Fresno 4' concrete tools,,,,,1,,,,,
,Bull Float 6',,,,,1,,,,,
,Metal Gasoline Can with Flex funnel Nozzle Red,Eagle,,,,3,,,,,
,"7"" Angel Grinder",Bosch,16219748,Power Tools,3260000650,1,,,,,
,"4-1/2"" Angel Grinder",Bosch,162GWS10450PD,Power Tools,328028630,1,,,,,
,"1/2"" Impact Wrench",Bosch,GDS18V-740CB14,Power Tools,223000098,1,,,,,
,"1/2"" Impact Wrench",Bosch,GDS18V-740CB14,Power Tools,223000094,1,,,,,
,Generator,Wacker Neuson,GP 5600,,24438481,1,,,,,
,"1/2"" High Torque",Milwaukee,2767-20,,H96AM225115870,1,,,,,
,"1/4"" Hex Impact Driver",Milwaukee,2953-20,Power Tools,M674F222813362,1,,,,,
,"4-1/2"" Angel Grinder",Milwaukee,61117-31,Power Tools,C92ED232000622,1,,,,,
,Warm Drive Circular Saw,Stihl,SPT77W,Power Tools,132000481,1,,,,,
,"1/4"" Hex Impact Driver",Milwaukee,2953-20,Power Tools,F27CF213300061,1,,,,,
,"7-1/4"" Blade Left Worm Saw",Bosch,CSW41,Power Tools,125000877,1,,,,,
,M18 / M12 Multi Voltage Charger,Milwaukee,48-59-1812,,D63DC225023350D,1,,,,,
,M18 / M12 Multi Voltage Charger,Milwaukee,48-59-1812,,D63DB213210838D,1,,,,,
,Reciprocating Saw,DeWalt,DWE305,Power Tools,315361,1,,,,,
,Battery Pack 5.0 Ah,Milwaukee,48-11-1850,,,1,,,,,
,Hammer Drill,HILTI,TE-60-AVR,Power Tools,,1,,,,,
,"5/8"" Mixer",Bosch,GBM9-16,,,1,,,,,
,Angle Grinder 10A,Bosch,GWX1045E,Power Tools,910111247,1,,,,,
,"1/2"" High Torque",DeWalt,,,,1,,,,,
,"1/2"" High Torque",Milwaukee,2767-22R,,H96AM225115752,1,,,,,
,Extension Cord 100',Yellow Jacket,,,,3,,,,,
,Lever Hoist 1-1/2Ton,Jet,,,,3,,,,,
,Headlamps for Employees,Cosoos,,,,6,,,,,
,Harnes M-L,Guardian,,,,5,,,,,
,yelow Strap 20',Kennedy Wire Rope,,,,1,,,,,
,Blue Straps 14',Kennedy Wire Rope,,,,4,,,,,
,Blue Straps 20',Kennedy Wire Rope,,,,2,,,,,
,"48"" Shovel Square",Union Tools,,,,1,,,,,
,"48"" Shovel Point",Union Tools,,,,1,,,,,
,"Wrench pipe 48""",Ridgid,,,,1,,,,,
,Sledge Hammer,True Temper,,Power Tools,,2,,,,,
,Concrete Spreader,Kraft,,,,1,,,,,
,Leaf Blower,Stihl,BG50,,540138103,1,,,,,
,Leaf Blower,Stihl,BG50,,530210159,1,,,,,
,Power Generator,Wacker Neuson,GP6600,,2443820,1,,,,,
,Concrete Vibrator,Wacker Neuson,,,,1,,,,,
,"14"" Quicky Saw",Stihl,TS 420,Power Tools,192747218,1,,,,,
,"16""x3-1/4"" Magnesium Float",Kraft,,,,2,,,,,
,"Magnetic Level 72""",Milwaukee,,,,1,,,,,
,"Magnetic Level 48""",Milwaukee,,,,1,,,,,
,"Pry Bar 60""",Kraft,,,,2,,,,,
,Gas can 5 gal,Eagle,,,,2,,,,,
,Gas can 2 gal,Eagle,,,,1,,,,,
,Form Release Red Can,Chapin,,,,1,,,,,
,Hammer Drill,,GBH18V-26DK26,Power Tools,902001213,1,,,,,
,Battery,,,,128120309,1,,,,,
,Battery,,,,128140289,1,,,,,
,Hammer Drill,Bosch,11255VSR,Power Tools,522004017,1,,,,,
,Portable Inverter Generator,Honda,EU 2200i,,EAMT-2954941,1,,,,,
,"1/2"" Impact Wrench",BOSCH,GDS18V-740CB14,Power Tools,131000151,1,,,,,
,"Combo kit (1/2"" Drill-1/4"" Impact)",BOSCH,GXL18V-227B25,Power Tools,227001674,1,,,,,
,"combo kit (1/2"" Drill-1/4"" Impact)",BOSCH,GXL18V-227B25,Power Tools,227001654,1,,,,,
,"7-1/4"" Warm Drive Circular Saw",BOSCH,CS10,Power Tools,326006188,1,,,,,
,"4-1/2"" Angle Grinder",BOSCH,GWS10450P,Power Tools,231012444,1,,,,,
,HD Caulk Gun,Husky,19PT0902,,,1,,,,,
,12 Gallon wet/dry Vacuum,Ridgid,HD1200,,,1,,,,,
,"3/4""x16""x21' SDS Drill bit",Bosch,HCFC5031,Power Tools,,2,,,,,
,"3/4"" x10""x12"" SDS drill bit",Bosch,HC2124,Power Tools,,2,,,,,
,"7/8"" x 16""x21"" SDS Max drill bit",Bosch,HCFC5041,Power Tools,,2,,,,,
,"7/8""x8""x10"" SDS drill bit",Bosch,HC2146,Power Tools,,2,,,,,
,"5/8""x16""x21"" sds drill bit",Bosch,HC5021,Power Tools,,2,,,,,
,6 Mil 20'x100' Black Poly,Bosch,3100,,,6,,,,,
,50' Extension Cord,Prime,500365,,,1,,,,,
,Strobe Light for Truck,Linkitom,,,,1,,,,,
,Headlamps for Employees,Cosoos,,,,6,,,,,
,2.5HP Vibrator motor,Wacker Neuson,5100006000,,,2,,,,,
,Head shaft for Vibrator,Wacker Neuson,5100025592,,,2,,,,,
,Tripod work light 1000watt,Voltec,800211,,,4,,,,,
,"5/8"" Tagline",,,,,1,,,,,
,"4""x10' Eye Sling yellow",Kennedy Wire Rope,,,,4,,,,,
,14' Blue Sling,Kennedy Wire Rope,,,,4,,,,,
,"6"" x2' sleeve protectors",Kennedy Wire Rope,,,,10,,,,,
,Harness M-L,Guardian,37193,,,8,,,,,
,Harness XL,Guardian,37193,,,2,,,,,
,Nano-lok 6' Twin,3M DBI/SALA,3101271,,,5,,,,,
,Sledge Hammer,True Temper,,Power Tools,,2,,,,,
,Open Reel 100ft,Milwaukee,48-22-5201,,,1,,,,,
,"12"" Adjustable Wrench",Milwaukee,48-22-7412,,,2,,,,,
,"36"" Steel Pipe",Milwaukee,48-22-7136,,,1,,,,,
,"24"" Steel Pipe",Milwaukee,48-22-7124,,,1,,,,,
,"1-1/4"" Shackle",1018570,,,,8,,,,,
,"1-1/8"" Shackle",1018552,,,,8,,,,,
,"7/8"" Shackle",1018516,,,,4,,,,,
,"24"" T Type Wrecking Bar",Hit Tools,09WB24T1,,,2,,,,,
,"1-1/16"" x 1/4"" x10"" bull pin",Klein Tools,3256,,,3,,,,,
,"48"" Shovel Point",Union Tools,40191,,,3,,,,,
,"48"" Shovel Square",Union Tools,40184,,,3,,,,,
,14pc Titanium Drill bit,DeWalt,DW1354,Power Tools,,1,,,,,
,9pc Spade bit set,Diablo,DSP2930S9,,,1,,,,,
,"3/4"" impact socket 1/2"" drive",DeWalt,DWMT73938OSP,Power Tools,,1,,,,,
,"1-1/8"" impact socket 1/2"" drive",DeWalt,DWMT74659OSP,Power Tools,,2,,,,,
,"1-1/4"" impact socket 1/2"" drive",DeWalt,DWMT74658OSP,Power Tools,,2,,,,,
,"7/8"" impact socket 1/2"" drive",DeWalt,DWMT73940OSP,Power Tools,,1,,,,,
,2lb Hammer,True Temper,20184100,Power Tools,,1,,,,,
,16' ladder,Werner,D62162,,,1,,,,,
,"10' 1-1/2""Ton lever hoist",Jet,287401,,,2,,,,,
,20' 3/4Ton lever hoist,Jet,287303,,,2,,,,,
,Bosch PH3,Bosch,27362B10,,,5,,,,,
,Leaf Blower,Stihl,BG50,,,1,,,,,
,Power Generator,Wacker Neuson,GP5600a,,,1,,,,,
,Power Generator,Honda,EB 6500X,,,1,,,,,
,"16""x3-1/4"" Magnesium Float",Kraft,CF016PF,,,4,,,,,
,Concrete Spreader,Anvil,57536,,,1,,,,,
,"24"" push Broom",Magnolia,3524,,,1,,,,,
,"78"" Magnetic Level",Milwaukee,500M78,,,1,,,,,
,"78"" Magnetic Level",Milwaukee,500M78,,,1,,,,,
,"24"" Magnetic Level",Milwaukee,500M24,,,1,,,,,
,"48"" Magnetic Level",Milwaukee,500M48,,,2,,,,,
,Red Concrete Sprayer,Chapin,1961N,,,2,,,,,
,5gal clear bucket,Argee,RG5600WC,,,4,,,,,
,"Drill Bid 1/4x6""",,,Power Tools,,2,,,,,
,"1 5/8""-1 1/8""-1 1/4"" Drill Bid",,,Power Tools,,1,,,,,
,"3/4""x 21"" Drill Bid",,HCF5031,Power Tools,,1,,,,,
,"7/8""x 21"" Drill Bid",,HCF5040,Power Tools,,1,,,,,
,Hammer Drill,Bosch,11264EVS,Power Tools,228001565,1,,,,,
,100' Heavy Duty Extension cords,,,,,1,,,,,
,100' Heavy Duty Extension Cords,,,,,1,,,,,
,"4-1/2"" Angel Grinder",Corded,,Power Tools,322001513,1,,,,,
,Batteries,Dewalt,,,,3,,,,,
,Chargers,Dewalt,,,,1,,,,,
,Chopsaw,,,Power Tools,,1,,,,,
,Warm Drive Circular Saw,Skilsaw,,Power Tools,,2,,,,,
,"7"" Angel Grinder",Dewalt,,Power Tools,,1,,,,,
,Hammer Drill,Dewalt,,Power Tools,,1,,,,,
,Water Pump,,,,,1,,,,,
,Wrenchn1/2 drive with battery,impact,,,,1,,,,,
,Wrenchn1/4 drive with battery,impact,,,,1,,,,,
,Wrenchn3/4 drive with battery,impact,,,,1,,,,,
,3M Harnesses,Bolt Float,,,,3,,,,,
,Concrete Vibrator Nozzle,,,,,1,,,,,
,Pick,,,,,2,,,,,
,Ropes,,,,,1,,,,,
,Shovel,,,,,4,,,,,
,Hand Blower,STIHL,BG86,,,1,,,,,
,Power Generator,,,,,1,,,,,
,Quicky Saw,STIHL,,Power Tools,,1,,,,,
,Concrete come along tool,,,,,4,,,,,
,Metal Gasoline CAN with Flex funnel Nozzle Red,Eagle,,,,4,,,,,
,"4-1/2"" Angel Grinder",Bosch,GW10-45PE,Power Tools,908052132,1,,,,,
,"4-1/2"" Angel Grinder",Bosch,GW10-45PE,Power Tools,908059426,1,,,,,
,"Drill Bet Bulldog 1/4""X6""",Bosch,HC2041,Power Tools,,10,,,,,
,"4-1/2"" Angel Grinder",Bosch,GW510-450PD,Power Tools,130006037,1,,,,,
,Hammer Drill,Bosch,RH540M,Power Tools,424000727,1,,,,,
,ELECTRIC HAMMER DRILL 13A,BOSCH,11264EVS,Power Tools,328000453,1,,,,,
,ELECTRIC HAMMER DRILL EXTREME BULL DOG,BOSCH,11255VSR,Power Tools,331009031,1,,,,,
,"7"" ANGEL GRAINDER 15 A",BOSCH,,Power Tools,32700162,1,,,,,
,"14"" QUIKIE SAW",STIHL,TS-420,Power Tools,,1,,,,,
,ELECTRIC EXTENSION CORD 100FT,,,,,1,,,,,
,"7 -1/4"" WORM DRIVE CIRCLE SAW 15A",SKILL SAW,,Power Tools,231000213,1,,,,,
,"7 -1/4"" WORM DRIVE CIRCLE SAW 15A",BOSCH,,Power Tools,329000171,1,,,,,
,"7"" ANGEL GRAINDER 15 A",DEWALL,DWE4517,Power Tools,5926,1,,,,,
,"3/4"" IMPACT WRENCH (tool only)",BOSCH,GDS18V-740N,Power Tools,231000256,1,,,,,
,CHARGER W/ BATTERY,BOSCH,GXS18V-12N14,,,1,,,,,
,ELECTRIC CONCRETE VIBRATOR,WACKER NEWSON,CONVERTER FUFLEX,,11576583,1,,,,,
,PERFORMANCE 2 TOOL COMBO KIT,BOSCH,GXL18V-227B25,,I#224006583 D#227000555,1,,,,,
,"3/4"" IMPACT WRENCH (tool only)",BOSCH,GDS18V-770LN,Power Tools,130000284,1,,,,,
,CHARGER W/ BATTERY LITHIUM KIT 8Ah.,BOSCH,,,,1,,,,,
,LEAF BLOWER,STIHL,BG56C,,539161101,1,,,,,
,"1/2"" Impact Wrench w/charger",BOSCH,GDS18V-740CB14,Power Tools,131000748,1,,,,,
,High Power Battery (8 Ah),BOSCH,GDA18V80,,321070136,1,,,,,
,High Power Battery (8 Ah),BOSCH,GDA18V80,,231210583,1,,,,,
,Charger 4 A/ 18 V,BOSCH,GAL18V-40,,,1,,,,,
,Charger 4 A/ 18 V,BOSCH,GAL18V-40,,,1,,,,,
,ELECTRIC HAMMER DRILL 13A,BOSCH,11264EVS,Power Tools,321004181,1,,,,,
,"1/2"" Impact Wrench w/charger",BOSCH,GDS18V-740CB14,Power Tools,223000085,1,,,,,
,"4 1/2"" Angel Grainder 10A",BOSCH,GWS10-450P,Power Tools,421040451,1,,,,,
,"4 1/2"" Angel Grainder 10A",BOSCH,GWS10-450P,Power Tools,329032444,1,,,,,
,Generetor,Honda,EB6500X,,EBLC-1520222,1,,,,,
,"2"" Water Pump",Honda,,,WAKT-3031003,1,,,,,
,Hammer Drill,BOSCH,RH-540M,Power Tools,228006344,1,,,,,
,ELECTRIC HAMMER DRILL,BOSCH,RH540M,Power Tools,331008833,1,,,,,
,ELECTRIC HAMMER DRILL EXTREME BULL DOG,BOSCH,11255VSR,Power Tools,331009014,1,,,,,
,"14"" QUIKIE SAW",STIHL,TS-420,Power Tools,193794053,1,,,,,
,"ELECTRIC DRILL 1/2""",DEWALL,DW235G,Power Tools,DL4RPZM,1,,,,,
,"ELECTRIC WARM DRIVE SAW 7 1/2""",SKILL SAW,,Power Tools,32004110,1,,,,,
,"3/4"" Impact Wrench (Tool Only)",BOSCH,GDS18V-740N,Power Tools,231000345,1,,,,,
,CHARGER W/BATTERY,BOSCH,GX518V-12N14,,,1,,,,,
,RECIPROCATING SAW 14 A,BOSCH,R5428,Power Tools,32600178,1,,,,,
,"1/2"" IMPACT WRENCH",BOSCH,GDS18V-740CB14,Power Tools,131000722,1,,,,,
,PERFORMANCE COMBO KIT (DRILL/IMPACT W/ BATTERY),BOSCH,GXL18V-227B25,Power Tools,D-222001321,1,,,,,
,ELECTRIC CONCRETE VIBRATOR,WACKER NEWSON,CONVERTER FUFLEX,,11622942,1,,,,,
,ELECTRIC CONCRETE VIBRATOR,WACKER NEWSON,CONVERTER FUFLEX,,11539648,1,,,,,
,LEAF BLOWER,STIHL,BG56C,,539161102,1,,,,,
,"3/4"" Impact Wrench (Tool Only)",BOSCH,GDS18V-770CN,Power Tools,130000159,1,,,,,
,High Power Battery 8 Ah,BOSCH,GDA18V80,,23120585,1,,,,,
,High Power Battery 8 Ah,BOSCH,GDA18V80,,328040149,1,,,,,
,Charger 4 A/ 18 V,BOSCH,GAL18V-40,,,1,,,,,
,Charger 4 A/ 18 V,BOSCH,GAL18V-40,,,1,,,,,
,"1/2"" IMPACT WRENCH",BOSCH,BDS18V-740,Power Tools,124000420,1,,,,,
,2 Tool Combo Kit,,GXL18V-260B26,,I:427000685 D:429000035,1,,,,,
,"7 1/4"" Warm Drive Saw",BOSCH,,Power Tools,332000083,1,,,,,
,Skill Saw,,,Power Tools,0 32004110,1,,,,,
,ReCIPROCATING SAW,BOSCH,RS325,Power Tools,230004461,1,,,,,
,Angle Grinder 18V,,GWS18V,Power Tools,828050262,1,,,,,
,"4 1/2"" Angle Grinder",,GWS10-450P,Power Tools,,1,,,,,
,"5"" Angle Grinder",,GWS18V-11P5N,Power Tools,532003633,1,,,,,
,"4 1/2"" Angle Grinder",,GWS10-450P,Power Tools,331036311,1,,,,,
,Fire Extinguishers,,5 LB,,,2,,,,,
,Power Generator,Mita,GEN-2000-IMMl/R200iSPB-A,,A2309080514,1,,,,,
,7k generator/Welder,Klutch,7RW MP195i,,24126000034,1,,,,,
,"50 ft"" Cable Set",,,,,1,,,,,
,Grinder,Bosch,GWS18V-10P,Power Tools,325019608,1,,,,,
,Grinder,Bosch,GWS18V-10,Power Tools,223025331,1,,,,,
,Worm Drive,Bosch,CSW41,,332000099,1,,,,,
,Worm Drive,Bosch,CSW41,,332000085,1,,,,,
,Cordless Impact Wrench,Bosch,GDX18V-1860C,Power Tools,421001713,1,,,,,
,Cordless Drill,Bosch,GSB18V-975C,Power Tools,227001278,1,,,,,
,Rotary Hammer,Bosch,RH540M,Power Tools,,1,,,,,
,Cordless Impact Wrench,Bosch,GDS18V-740C,Power Tools,227000246,1,,,,,
,Cordless Impact Wrench,Bosch,GDS18V-740C,Power Tools,223000014,1,,,,,
,Reciprocating Saw,Bosch,GSA18V-110,Power Tools,229002156,1,,,,,
,Rotary Hammer,Bosch,GBH2-28L,Power Tools,426001456,1,,,,,
,Blower,Bosch,GBL18V-71,,225002893,1,,,,,
,100' Heavy Duty Extension Cords,,,,,5,,,,,
,50' Heavy Duty Extension Cords,,,,,2,,,,,
,"48"" Shovel Square",,,,,4,,,,,
,heavy duty Ply Bars,,,,,2,,,,,
,Generator,Honda,EB6500X,,EBLC-1526883,1,,,,,
,Generator,Honda,EB6500X,,EBLC-1526877,1,,,,,
,Quikie Saw,Stihl,TS 420-Z,Power Tools,42380112821,1,,,,,
,Leaf Blower,Stihl,BG-50,,542629612,1,,,,,
,Pull Pin Tool,,,,,1,,,,,
,4' Leavel,,,,,1,,,,,
,"3-1/2"" Heavy Duty strap",,,,,2,,,,,
,PC-016,,,,,1,,,,,
,PC-006,,,,,1,,,,,
,Power Generator,Honda,,,EBCL-1520042,1,,,,,
,Wacker Newson,,6600,,5590605,1,,,,,
