"Issue Type","Summary","Description","Priority","Original Estimate","Epic Name","Epic Link","Labels","Labels","Labels","Labels","Labels","Labels"
"Epic","E0 Custody integrity","Not one of the eleven deliverables, and non-negotiable anyway. Every deliverable reads custody state, and four defects currently make that state untrustworthy. Building reporting on top of them multiplies the error.","Highest","","E0 Custody integrity","","","","","","",""
"Epic","E1 Entity and user administration","Deliverable 1. Master-data CRUD largely exists. User administration does not exist at all, and four of the ten declared roles cannot log in. That is the epic.","Highest","","E1 Entity and user administration","","","","","","",""
"Epic","E2 Foundation identity and load","Deliverables 2 and 8. Deliverable 8 is not a separate feature: it is the identity rule that makes the Foundation load safe, so the two are one epic.","High","","E2 Foundation identity and load","","","","","","",""
"Epic","E3 Alerts and assignment gaps","Deliverable 3. The notification table and in-app centre exist; delivery is a console.log that then marks the row delivered. Critical-gap detection does not exist.","High","","E3 Alerts and assignment gaps","","","","","","",""
"Epic","E4 Org structure and departure","Deliverable 4. project_team_member and the assignment hierarchy already work. Missing: the departure path, and a management view built for the Equipment department.","High","","E4 Org structure and departure","","","","","","",""
"Epic","E5 Custody context and rig model","Deliverables 6 and 7, and the schema blocker for four other epics. Backtracking tool to trailer to truck is impossible today: assignment carries one nullable location_id and cannot hold a truck and a trailer at once.","Highest","","E5 Custody context and rig model","","","","","","",""
"Epic","E6 Purchase order attachments","Deliverable 5, deliberately small. File attachments and a searchable PO number. This is NOT procurement: no requisition, approval chain, vendor workflow or receipt.","Medium","","E6 Purchase order attachments","","","","","","",""
"Epic","E7 Project scoping","Deliverable 10. project_group and visibleProjectScope exist. This epic extends scoping to every remaining procedure and makes the switcher consistent.","High","","E7 Project scoping","","","","","","",""
"Epic","E8 Permissions and role surfaces","Deliverable 11. Runs through every screen. The permission matrix is the critical path for four other epics.","Highest","","E8 Permissions and role surfaces","","","","","","",""
"Epic","E9 Dashboard tabs and generated views","Deliverable 9, the largest piece of new product. Tabs become data rather than an enum, panels are declared in a registry, and a PM can generate a view in words. Promoted to Sprint 2 on Urban's call.","Highest","","E9 Dashboard tabs and generated views","","","","","","",""
"Epic","E10 Blocky design language","ADR-7. The product's visual language becomes Blocky: 3-4px radius, monospace numerals, dense rows, coloured left edge bars, zebra tables, bare status text. The shadcn LOOK is dropped; the Radix primitives underneath it are kept, so accessibility and component behaviour are unaffected.","High","","E10 Blocky design language","","","","","","",""
"Story","[STI-001] Make custody writes atomic","Plan ID: STI-001 | Sprint: S1 Release 1 - by 24 Aug 2026 | Estimate: 16h (2d)

Full specification: docs/workings/RELEASE_1_SPRINT_PLAN.md

h3. Mechanism
Custody executes three consecutive unwrapped statements: close the old assignment, open the new one, append the ledger event. A failure between any two leaves register and ledger permanently and silently disagreeing. Import already does this correctly inside a transaction; custody does not. Wrap it, take a row lock (SELECT ... FOR UPDATE) so concurrent writers cannot interleave, and validate the transition against the pure rules in packages/domain before writing anything.

h3. Acceptance criteria
* Every caller routes through one function: assignment.create, transfer.create, transfer.approve, the chat executor, and the import commit
* An injected failure at each of the three write points leaves the database unchanged
* The ledger event carries a COMPLETE to_state. foldAssetState is last-snapshot-wins, not field-wise; a partial snapshot silently erases fields. This bug has shipped twice
* Notification dispatch happens after commit; a failing notifier must not roll back custody

h3. Cases
* Two desk operators assign the same tool simultaneously: one wins, one gets a clean conflict error, no duplicate active row
* Asset has no active assignment (first issue from the yard): current is null and the transition validator accepts it

h3. Definition of done
* Reachable through the UI by a user with the right permission
* Custody-affecting changes write a complete ledger event
* Permissions checked, never role names
* Authorisation before data access
* Migrations committed with the code; CI green with no drift
* Integration tests cover the happy path and the listed cases
* Lead review","Highest","57600","","E0 Custody integrity","sti-001","sprint-1","custody","data-integrity","",""
"Story","[STI-002] Enforce one active assignment per asset at the database","Plan ID: STI-002 | Sprint: S1 Release 1 - by 24 Aug 2026 | Estimate: 16h (2d)

Full specification: docs/workings/RELEASE_1_SPRINT_PLAN.md

h3. Mechanism
The invariant is stated in three documents and enforced nowhere. Duplicates already exist in live data, so the index cannot simply be added: the backfill must choose a survivor first. CREATE UNIQUE INDEX CONCURRENTLY assignment_one_active_uq ON assignment (asset_id) WHERE status = 'active'.

h3. Acceptance criteria
* The duplicate report is produced and reviewed WITH the Equipment department before any row is touched. Which of two active assignments survives is a per-tool judgement about where the tool physically is. It is not a script and must not be automated
* Each correction is written as a compensating ledger event, never an UPDATE or DELETE on history
* The index exists and a second active insert fails at the database, not in application code
* CONCURRENTLY, so the migration does not lock the table

h3. Cases
* Backfill finds a tool nobody can locate: it becomes 'lost', a real state, rather than being force-assigned to whoever appears first in the table

h3. Definition of done
* Reachable through the UI by a user with the right permission
* Custody-affecting changes write a complete ledger event
* Permissions checked, never role names
* Authorisation before data access
* Migrations committed with the code; CI green with no drift
* Integration tests cover the happy path and the listed cases
* Lead review","Highest","57600","","E0 Custody integrity","sti-002","sprint-1","custody","data-integrity","migration",""
"Story","[STI-003] Make the ledger append-only at the database","Plan ID: STI-003 | Sprint: S1 stretch - only if S1 lands early | Estimate: 8h (1d)

Full specification: docs/workings/RELEASE_1_SPRINT_PLAN.md

h3. Mechanism
Append-only is currently a code comment. Revoke the grants so it becomes a property of the database: REVOKE UPDATE, DELETE ON transaction FROM app_role.

h3. Acceptance criteria
* Application UPDATE/DELETE against transaction fails
* Migrations run under a role that still holds DDL rights
* A rejected write surfaces as a typed error, not a 500

h3. Definition of done
* Reachable through the UI by a user with the right permission
* Custody-affecting changes write a complete ledger event
* Permissions checked, never role names
* Authorisation before data access
* Migrations committed with the code; CI green with no drift
* Integration tests cover the happy path and the listed cases
* Lead review","High","28800","","E0 Custody integrity","sti-003","sprint-1-stretch","custody","data-integrity","",""
"Story","[STI-004] Scheduled projection reconciliation","Plan ID: STI-004 | Sprint: S1 stretch - only if S1 lands early | Estimate: 16h (2d)

Full specification: docs/workings/RELEASE_1_SPRINT_PLAN.md

h3. Mechanism
Invariant 4 says folding the ledger from the beginning reproduces the current register exactly. Nothing proves it. A scheduled job folds every asset and compares against the projection.

h3. Acceptance criteria
* Runs nightly
* A non-empty result raises a desk alert naming the divergent assets
* The job is read-only. It reports drift and never silently repairs it, because a silent repair destroys the evidence of the bug that caused the drift

h3. Depends on
STI-001

h3. Definition of done
* Reachable through the UI by a user with the right permission
* Custody-affecting changes write a complete ledger event
* Permissions checked, never role names
* Authorisation before data access
* Migrations committed with the code; CI green with no drift
* Integration tests cover the happy path and the listed cases
* Lead review","High","57600","","E0 Custody integrity","sti-004","sprint-1-stretch","custody","data-integrity","",""
"Story","[STI-005] Commit outstanding migrations and fail CI on drift","Plan ID: STI-005 | Sprint: S1 Release 1 - by 24 Aug 2026 | Estimate: 8h (1d)

Full specification: docs/workings/RELEASE_1_SPRINT_PLAN.md

h3. Mechanism
Two migrations are uncommitted, so production may not match main. CI should have caught it. This is free and should be done on day 1.

h3. Acceptance criteria
* Outstanding migrations committed
* Deployed schema verified against main
* CI job fails when drizzle generate produces a non-empty diff

h3. Definition of done
* Reachable through the UI by a user with the right permission
* Custody-affecting changes write a complete ledger event
* Permissions checked, never role names
* Authorisation before data access
* Migrations committed with the code; CI green with no drift
* Integration tests cover the happy path and the listed cases
* Lead review","Highest","28800","","E0 Custody integrity","sti-005","sprint-1","ci","migration","",""
"Story","[STI-101] User administration","Plan ID: STI-101 | Sprint: S1 Release 1 - by 24 Aug 2026 | Estimate: 20h (2.5d)

Full specification: docs/workings/RELEASE_1_SPRINT_PLAN.md

h3. Mechanism
There is no screen for creating a user, granting a role, deactivating someone or resetting a password. Every account today came from the seed. Build CRUD over the existing user / role / user_role tables.

h3. Acceptance criteria
* Create user (email, employee link, role), assign and revoke roles, deactivate, reset password
* Deactivation ends sessions immediately. A deactivated user with a live token is a departed employee still holding access
* Deactivating a user who holds tools is refused, and the error names STI-402 as the path. Custody must land somewhere before access is removed
* Password reset issues a single-use expiring token; bcrypt cost 12 matching login
* Every action writes an audit event with the acting user

h3. Cases
* The last owner account cannot be deactivated or stripped of its role: a tenant with no administrator is unrecoverable
* Email already in use: typed field error, not a constraint violation surfacing as a 500

h3. Definition of done
* Reachable through the UI by a user with the right permission
* Custody-affecting changes write a complete ledger event
* Permissions checked, never role names
* Authorisation before data access
* Migrations committed with the code; CI green with no drift
* Integration tests cover the happy path and the listed cases
* Lead review","Highest","72000","","E1 Entity and user administration","sti-101","sprint-1","deliverable-1","identity","",""
"Story","[STI-102] Add the missing login roles","Plan ID: STI-102 | Sprint: S3 Roles - org structure and Blocky migration | Estimate: 16h (2d)

Full specification: docs/workings/RELEASE_1_SPRINT_PLAN.md

h3. Mechanism
ROLES declares ten but ROLE_PERMS covers only some, so the rest cannot log in usefully. Urban has now resolved the three open definitions, recorded in docs/workings/PERMISSION_MATRIX.md: an ENGINEER is a PM with a different operational purpose and an identical relationship to small tools, so it takes the project_manager permission set and exists separately only so the two can diverge later without a migration. A MECHANIC is an Equipment department employee who holds and uses tools like a foreman, but for repair rather than construction, and whose tools charge to the DEPARTMENT rather than a project. ADMIN resolves to three distinct roles: System Administrator (the developers who build this system), Equipment Administrator (owns the tools programme) and Office Administrator (operations and accounts).

h3. Acceptance criteria
* Every role in ROLES has an explicit permission set; no role falls through to empty
* engineer is added, taking the project_manager permission set and the assets.view.project scope
* mechanic is added as a login role, holding assets.view.own and repair actions. Its cost target defaults to department, not project — the schema already supports this (docs/built/11-department-cost-targets.md), so only the default needs wiring
* system_administrator, office_administrator and equipment_administrator are DISTINCT roles. No procedure branches on the name 'admin'
* seed.ts ROLE_PERMS matches docs/workings/PERMISSION_MATRIX.md exactly

h3. Depends on
STI-801

h3. Definition of done
* Reachable through the UI by a user with the right permission
* Custody-affecting changes write a complete ledger event
* Permissions checked, never role names
* Authorisation before data access
* Migrations committed with the code; CI green with no drift
* Integration tests cover the happy path and the listed cases
* Lead review","Highest","57600","","E1 Entity and user administration","sti-102","sprint-3","deliverable-1","identity","rbac",""
"Story","[STI-103] Equipment entity management: trucks and trailers","Plan ID: STI-103 | Sprint: S4 Foundation - PO and entity management | Estimate: 16h (2d)

Full specification: docs/workings/RELEASE_1_SPRINT_PLAN.md

h3. Mechanism
Trucks and trailers are vehicle rows 1:1 with a location row. CRUD exists but the desk cannot see fleet-wide state or find an unassigned unit. Scope boundary: these are moving locations for tools, NOT a fleet module. No maintenance schedules, mileage or fuel.

h3. Acceptance criteria
* List and filter by type, ownership (company_owned | personal_allowance) and assignment status
* 'Unassigned' is a first-class filter: it is what the desk actually searches for
* Personal vehicles are visually distinct everywhere; they are not Urban property and behave differently on departure
* Deleting a vehicle carrying history is refused, naming the status change to use instead

h3. Definition of done
* Reachable through the UI by a user with the right permission
* Custody-affecting changes write a complete ledger event
* Permissions checked, never role names
* Authorisation before data access
* Migrations committed with the code; CI green with no drift
* Integration tests cover the happy path and the listed cases
* Lead review","High","57600","","E1 Entity and user administration","sti-103","sprint-4","deliverable-1","fleet","",""
"Story","[STI-104] Small tools entity management hardening","Plan ID: STI-104 | Sprint: S4 Foundation - PO and entity management | Estimate: 16h (2d)

Full specification: docs/workings/RELEASE_1_SPRINT_PLAN.md

h3. Mechanism
Bulk operations and delete safety on the tool register.

h3. Acceptance criteria
* Bulk edit of category and department across a selection
* tag remains optional and is never generated. A tag is a physical label, not an identity; asset.id is identity
* Delete refuses anything with history

h3. Definition of done
* Reachable through the UI by a user with the right permission
* Custody-affecting changes write a complete ledger event
* Permissions checked, never role names
* Authorisation before data access
* Migrations committed with the code; CI green with no drift
* Integration tests cover the happy path and the listed cases
* Lead review","Medium","57600","","E1 Entity and user administration","sti-104","sprint-4","deliverable-1","","",""
"Story","[STI-105] Project entity management","Plan ID: STI-105 | Sprint: S4 Foundation - PO and entity management | Estimate: 8h (1d)

Full specification: docs/workings/RELEASE_1_SPRINT_PLAN.md

h3. Mechanism
Project CRUD with lifecycle guards.

h3. Acceptance criteria
* Job ID and name shown together everywhere via idName()
* Status transitions awarded -> active -> closing -> complete
* A project with active assignments cannot be completed without naming where the tools go

h3. Definition of done
* Reachable through the UI by a user with the right permission
* Custody-affecting changes write a complete ledger event
* Permissions checked, never role names
* Authorisation before data access
* Migrations committed with the code; CI green with no drift
* Integration tests cover the happy path and the listed cases
* Lead review","Medium","28800","","E1 Entity and user administration","sti-105","sprint-4","deliverable-1","","",""
"Story","[STI-106] Entity management integration test harness","Plan ID: STI-106 | Sprint: S4 Foundation - PO and entity management | Estimate: 20h (2.5d)

Full specification: docs/workings/RELEASE_1_SPRINT_PLAN.md

h3. Mechanism
apps/api and apps/web have no test script. Every existing test is a pure-function unit test, so nothing exercises a router, a database or a screen. This story builds the first integration layer; later epics extend it.

h3. Acceptance criteria
* Router-level integration tests against a real Postgres for every entity mutation in this epic
* pnpm test runs them in CI
* Tenant isolation asserted on every list procedure

h3. Definition of done
* Reachable through the UI by a user with the right permission
* Custody-affecting changes write a complete ledger event
* Permissions checked, never role names
* Authorisation before data access
* Migrations committed with the code; CI green with no drift
* Integration tests cover the happy path and the listed cases
* Lead review","High","72000","","E1 Entity and user administration","sti-106","sprint-4","testing","","",""
"Story","[STI-201] External reference model","Plan ID: STI-201 | Sprint: S4 Foundation - PO and entity management | Estimate: 16h (2d)

Full specification: docs/workings/RELEASE_1_SPRINT_PLAN.md

h3. Mechanism
external_id today is a nullable NON-UNIQUE text column on exactly two tables (project, employee). It cannot prevent a duplicate, cannot say which system a value came from, and cannot record when it was last confirmed. Three entry paths must converge on one identity rule: synced from Foundation (external_ref is authoritative), imported from spreadsheet (matched on natural key, adopts a ref later), added by hand (no ref until a sync adopts it).

h3. Acceptance criteria
* external_system, external_id, source and last_synced_at on project, employee, cost code and phase
* Uniqueness enforced per (tenant, system, type, native_id), partial so hand-entered rows with no ref are unconstrained
* Fields owned by Foundation become read-only in the UI once an external_ref exists, so a local edit cannot diverge and then be silently overwritten by the next sync

h3. Definition of done
* Reachable through the UI by a user with the right permission
* Custody-affecting changes write a complete ledger event
* Permissions checked, never role names
* Authorisation before data access
* Migrations committed with the code; CI green with no drift
* Integration tests cover the happy path and the listed cases
* Lead review","High","57600","","E2 Foundation identity and load","sti-201","sprint-4","deliverable-2","deliverable-8","foundation","migration"
"Story","[STI-202] Idempotent Foundation load","Plan ID: STI-202 | Sprint: S4 Foundation - PO and entity management | Estimate: 20h (2.5d)

Full specification: docs/workings/RELEASE_1_SPRINT_PLAN.md

h3. Mechanism
Re-running a load must update, never duplicate. Unmatched rows are surfaced for a human, never dropped: a dropped row is silent data loss nobody discovers until a report is wrong. Match on external_ref first, then fuzzy-match on name plus job number to adopt pre-existing hand-entered rows.

h3. Acceptance criteria
* Loads projects, phases, cost codes and users over the ODBC connection from STI-205
* Running the same export twice produces zero creates on the second pass. This is the headline test
* Every unmatched row appears in the report with a stated reason
* The whole load is one transaction: a partial load is worse than none
* Reuses the existing preview -> commit shape in routers/import.ts, which already does typed validation, dedup and transactional commit well. Because the transport is a live query rather than a file (ADR-8), the same code path serves the one-time load and every later refresh

h3. Cases
* Foundation renames a project: matched on external_ref, name updated, no duplicate
* Two Foundation rows carry the same native_id: the load aborts and names both. Do not guess
* A hand-entered project fuzzy-matches a Foundation row: adopted, and the adoption is recorded as a ledger event so it can be audited later

h3. Depends on
STI-201

h3. Definition of done
* Reachable through the UI by a user with the right permission
* Custody-affecting changes write a complete ledger event
* Permissions checked, never role names
* Authorisation before data access
* Migrations committed with the code; CI green with no drift
* Integration tests cover the happy path and the listed cases
* Lead review","High","72000","","E2 Foundation identity and load","sti-202","sprint-4","deliverable-2","deliverable-8","foundation",""
"Story","[STI-203] Load preview and report screen","Plan ID: STI-203 | Sprint: S4 Foundation - PO and entity management | Estimate: 16h (2d)

Full specification: docs/workings/RELEASE_1_SPRINT_PLAN.md

h3. Mechanism
The load must be inspectable before it commits, and its unmatched rows must be resolvable without a developer.

h3. Acceptance criteria
* Dry-run preview showing created / updated / unmatched before commit
* Unmatched rows are individually resolvable: adopt, skip, or create new
* The report is downloadable

h3. Depends on
STI-202

h3. Definition of done
* Reachable through the UI by a user with the right permission
* Custody-affecting changes write a complete ledger event
* Permissions checked, never role names
* Authorisation before data access
* Migrations committed with the code; CI green with no drift
* Integration tests cover the happy path and the listed cases
* Lead review","Medium","57600","","E2 Foundation identity and load","sti-203","sprint-4","deliverable-2","foundation","",""
"Story","[STI-204] Foundation load tests","Plan ID: STI-204 | Sprint: S4 Foundation - PO and entity management | Estimate: 16h (2d)

Full specification: docs/workings/RELEASE_1_SPRINT_PLAN.md

h3. Mechanism
Idempotency is asserted, not assumed.

h3. Acceptance criteria
* Fixture-driven coverage: fresh load, re-run, renamed entity, conflicting ref, adoption path

h3. Depends on
STI-202

h3. Definition of done
* Reachable through the UI by a user with the right permission
* Custody-affecting changes write a complete ledger event
* Permissions checked, never role names
* Authorisation before data access
* Migrations committed with the code; CI green with no drift
* Integration tests cover the happy path and the listed cases
* Lead review","High","57600","","E2 Foundation identity and load","sti-204","sprint-4","deliverable-2","testing","",""
"Story","[STI-205] Foundation ODBC connection and field mapping","Plan ID: STI-205 | Sprint: S4 Foundation - PO and entity management | Estimate: 8h (1d)

Full specification: docs/workings/RELEASE_1_SPRINT_PLAN.md

h3. Mechanism
ADR-8: Foundation is reached over its ODBC database layer, not a file drop. Urban already runs a PHP sync against it, and that script is the reference for table and column mapping. Stand up a read-only connection and write the mapping down. Whether the PHP is kept as a sidecar or ported into the monorepo is deferred — it changes who runs the sync, not what the sync means.

h3. Acceptance criteria
* Read-only ODBC connection from a service account. STInventory NEVER writes to Foundation
* Credentials handled as secrets, never in the repo. The PHP script's auth is the open item standing between this and a working sync — resolve it here
* Field mapping written down: Foundation table and column to STInventory entity and field, for projects, phases, cost codes and users
* Connection failure is a loud, typed error, never a silent empty result set — an empty sync that looks successful would mark every entity as unmatched

h3. Cases
* Foundation is unreachable at sync time: the load aborts and reports, leaving prior data intact

h3. Definition of done
* Reachable through the UI by a user with the right permission
* Custody-affecting changes write a complete ledger event
* Permissions checked, never role names
* Authorisation before data access
* Migrations committed with the code; CI green with no drift
* Integration tests cover the happy path and the listed cases
* Lead review","High","28800","","E2 Foundation identity and load","sti-205","sprint-4","deliverable-2","foundation","adr-8",""
"Story","[STI-301] Gap detection engine","Plan ID: STI-301 | Sprint: S1 Release 1 - by 24 Aug 2026 | Estimate: 20h (2.5d)

Full specification: docs/workings/RELEASE_1_SPRINT_PLAN.md

h3. Mechanism
A scheduled pass over the current projection, expressed as independent rules so a new check is a new rule and not a new job. Rules cover: foreman with no truck, foreman with no trailer, project with no foreman, project with no PM, tool out with no custodian, assignment not confirmed in 30 days.

h3. Acceptance criteria
* Alerts are idempotent by (rule, subject). Re-running the pass does not multiply alerts. This is the failure mode that makes people stop reading them
* An alert self-clears when the condition resolves. Nobody dismisses a gap manually
* Severity drives placement: crit on the desk and dashboard, warn in the alert list, info in the digest only
* Adding a rule requires no change to the scheduler

h3. Cases
* A foreman with no truck who is also on no project: one alert, not two, and the project rule does not fire for an unassigned person
* A project completes with open gaps: alerts resolve on completion rather than lingering

h3. Depends on
STI-501

h3. Definition of done
* Reachable through the UI by a user with the right permission
* Custody-affecting changes write a complete ledger event
* Permissions checked, never role names
* Authorisation before data access
* Migrations committed with the code; CI green with no drift
* Integration tests cover the happy path and the listed cases
* Lead review","High","72000","","E3 Alerts and assignment gaps","sti-301","sprint-1","deliverable-3","alerts","",""
"Story","[STI-302] Real notification delivery","Plan ID: STI-302 | Sprint: S4 Foundation - PO and entity management | Estimate: 16h (2d)

Full specification: docs/workings/RELEASE_1_SPRINT_PLAN.md

h3. Mechanism
Replace the console stub with a provider interface that has at least one working implementation. Mark delivered_at from the provider's response, not optimistically before the call. The current stub is worse than no delivery because the record claims success.

h3. Acceptance criteria
* Email delivery works against a real provider
* Failures are retried with backoff and surfaced after N attempts
* delivered_at reflects reality
* Per-tenant enable flags (email_enabled, sms_enabled) are honoured
* SMS may remain an unimplemented interface if Urban has no provider yet, but it must fail loudly rather than log and claim success

h3. Definition of done
* Reachable through the UI by a user with the right permission
* Custody-affecting changes write a complete ledger event
* Permissions checked, never role names
* Authorisation before data access
* Migrations committed with the code; CI green with no drift
* Integration tests cover the happy path and the listed cases
* Lead review","High","57600","","E3 Alerts and assignment gaps","sti-302","sprint-4","deliverable-3","alerts","",""
"Story","[STI-303] Desk alert surface","Plan ID: STI-303 | Sprint: S1 Release 1 - by 24 Aug 2026 | Estimate: 16h (2d)

Full specification: docs/workings/RELEASE_1_SPRINT_PLAN.md

h3. Mechanism
Critical alerts need one place that the Equipment desk actually looks at.

h3. Acceptance criteria
* Critical alerts appear on the desk grouped by severity then project
* Each alert names its subject and links to the screen that resolves it
* The count is visible in the nav badge

h3. Depends on
STI-301

h3. Definition of done
* Reachable through the UI by a user with the right permission
* Custody-affecting changes write a complete ledger event
* Permissions checked, never role names
* Authorisation before data access
* Migrations committed with the code; CI green with no drift
* Integration tests cover the happy path and the listed cases
* Lead review","High","57600","","E3 Alerts and assignment gaps","sti-303","sprint-1","deliverable-3","alerts","ui",""
"Story","[STI-304] Alert preferences","Plan ID: STI-304 | Sprint: S4 Foundation - PO and entity management | Estimate: 8h (1d)

Full specification: docs/workings/RELEASE_1_SPRINT_PLAN.md

h3. Mechanism
Per-user control over non-critical noise.

h3. Acceptance criteria
* Per-user, per-rule opt-out for warn and info
* crit cannot be muted. The point of a critical alert is that it is not optional

h3. Depends on
STI-301

h3. Definition of done
* Reachable through the UI by a user with the right permission
* Custody-affecting changes write a complete ledger event
* Permissions checked, never role names
* Authorisation before data access
* Migrations committed with the code; CI green with no drift
* Integration tests cover the happy path and the listed cases
* Lead review","Low","28800","","E3 Alerts and assignment gaps","sti-304","sprint-4","deliverable-3","alerts","",""
"Story","[STI-401] Equipment department management view","Plan ID: STI-401 | Sprint: S3 Roles - org structure and Blocky migration | Estimate: 20h (2.5d)

Full specification: docs/workings/RELEASE_1_SPRINT_PLAN.md

h3. Mechanism
One screen where the Equipment department assigns foremen to projects and rigs (truck plus trailer) to foremen. /jobsites is the closest existing surface. The interaction model comes from the Blocky concept in design/README.md: the gap is the affordance. A crew with no truck renders a clickable '+ truck' chip where the value would be, opening an inline picker of unassigned vehicles. No modal, no navigation.

h3. Acceptance criteria
* Job -> crew -> tools, three levels, on one page. Jobs open by default, crews closed
* Assign and unassign foreman, truck and trailer inline; every change writes a ledger event
* The vehicle picker offers only genuinely unassigned units
* 'Needs vehicle' filter, because that is the department's morning question

h3. Depends on
STI-501

h3. Definition of done
* Reachable through the UI by a user with the right permission
* Custody-affecting changes write a complete ledger event
* Permissions checked, never role names
* Authorisation before data access
* Migrations committed with the code; CI green with no drift
* Integration tests cover the happy path and the listed cases
* Lead review","Highest","72000","","E4 Org structure and departure","sti-401","sprint-3","deliverable-4","ui","",""
"Story","[STI-402] Departure reassignment","Plan ID: STI-402 | Sprint: S3 Roles - org structure and Blocky migration | Estimate: 20h (2.5d)

Full specification: docs/workings/RELEASE_1_SPRINT_PLAN.md

h3. Mechanism
When a foreman leaves, everything they hold moves in ONE auditable action, not tool by tool. The successor comes from the reporting chain by default (superintendent, then PM). Personal vehicles are never reassigned: they are not Urban property and they leave with the person.

h3. Acceptance criteria
* One transaction. Partial reassignment is the failure this replaces
* Successor defaults to superintendent, then PM; if neither exists the action stops and demands an explicit choice rather than guessing
* Personal vehicles are skipped AND listed in the result so the desk knows what walked
* A preview shows exactly what will move, before it moves
* Ends the leaver's sessions

h3. Cases
* The successor is themselves inactive: refused, with a named alternative
* Leaver holds a trailer containing tools: the trailer moves and its contents follow, which is what physically happens
* Leaver holds nothing: succeeds quietly and still deactivates the account

h3. Depends on
STI-001, STI-101

h3. Definition of done
* Reachable through the UI by a user with the right permission
* Custody-affecting changes write a complete ledger event
* Permissions checked, never role names
* Authorisation before data access
* Migrations committed with the code; CI green with no drift
* Integration tests cover the happy path and the listed cases
* Lead review","Highest","72000","","E4 Org structure and departure","sti-402","sprint-3","deliverable-4","custody","",""
"Story","[STI-403] PM and superintendent management views","Plan ID: STI-403 | Sprint: S3 Roles - org structure and Blocky migration | Estimate: 16h (2d)

Full specification: docs/workings/RELEASE_1_SPRINT_PLAN.md

h3. Mechanism
The project side of the org structure, scoped by permission rather than by role name.

h3. Acceptance criteria
* A PM sees their projects, teams and rigs and can assign superintendents and foremen within the existing hierarchy
* A superintendent sees their crews and can assign foremen
* Both are scoped by permission (STI-802), not by role name

h3. Depends on
STI-802

h3. Definition of done
* Reachable through the UI by a user with the right permission
* Custody-affecting changes write a complete ledger event
* Permissions checked, never role names
* Authorisation before data access
* Migrations committed with the code; CI green with no drift
* Integration tests cover the happy path and the listed cases
* Lead review","High","57600","","E4 Org structure and departure","sti-403","sprint-3","deliverable-4","ui","",""
"Story","[STI-404] Temporary assignment on departure","Plan ID: STI-404 | Sprint: S3 Roles - org structure and Blocky migration | Estimate: 16h (2d)

Full specification: docs/workings/RELEASE_1_SPRINT_PLAN.md

h3. Mechanism
The specific case Urban named: a foreman is dismissed and custody goes temporarily to their superintendent, then to the PM if there is no superintendent.

h3. Acceptance criteria
* A reassignment can be flagged temporary with a review date
* Temporary holdings appear on the desk as an open item
* A temporary holding older than the SLA raises a warn alert

h3. Depends on
STI-402

h3. Definition of done
* Reachable through the UI by a user with the right permission
* Custody-affecting changes write a complete ledger event
* Permissions checked, never role names
* Authorisation before data access
* Migrations committed with the code; CI green with no drift
* Integration tests cover the happy path and the listed cases
* Lead review","Medium","57600","","E4 Org structure and departure","sti-404","sprint-3","deliverable-4","custody","",""
"Story","[STI-405] Org structure and departure tests","Plan ID: STI-405 | Sprint: S3 Roles - org structure and Blocky migration | Estimate: 20h (2.5d)

Full specification: docs/workings/RELEASE_1_SPRINT_PLAN.md

h3. Mechanism
Departure has more branches than any other flow in the system and each one loses tools if it is wrong.

h3. Acceptance criteria
* Integration coverage for the full assignment hierarchy
* Every departure branch: with and without successor, personal vs company vehicle, trailer with contents, inactive successor

h3. Depends on
STI-402

h3. Definition of done
* Reachable through the UI by a user with the right permission
* Custody-affecting changes write a complete ledger event
* Permissions checked, never role names
* Authorisation before data access
* Migrations committed with the code; CI green with no drift
* Integration tests cover the happy path and the listed cases
* Lead review","High","72000","","E4 Org structure and departure","sti-405","sprint-3","deliverable-4","testing","",""
"Story","[STI-501] Truck and trailer as first-class assignment fields","Plan ID: STI-501 | Sprint: S1 Release 1 - by 24 Aug 2026 | Estimate: 20h (2.5d)

Full specification: docs/workings/RELEASE_1_SPRINT_PLAN.md

h3. Mechanism
Split assignment.location_id into independently nullable truck_id and trailer_id. Both are recordable at once because both are true at once: a tool sits in a trailer that is towed by a truck. THE MIGRATION RISK IS THE FOLD, NOT THE COLUMNS. Ledger snapshots are historical and must never be rewritten, so foldAssetState has to handle the old single-location_id shape and the new one, forever. Blocks STI-301, STI-401, STI-503.

h3. Acceptance criteria
* Both columns exist, independently nullable, independently recordable
* Every reader of location_id is migrated. Grep for it; leave none
* The fold reads old and new snapshot shapes; a test pins an old-shape event replaying correctly
* Backfill maps existing location_id to whichever column matches the row's vehicle_type
* Company vs personal truck is visible wherever a truck is shown, because that distinction drives STI-402

h3. Cases
* A snapshot predating this change folds without loss
* A tool on a truck with no trailer, and a tool in a trailer parked in the yard with no truck: both are legal states and both render

h3. Depends on
STI-001

h3. Definition of done
* Reachable through the UI by a user with the right permission
* Custody-affecting changes write a complete ledger event
* Permissions checked, never role names
* Authorisation before data access
* Migrations committed with the code; CI green with no drift
* Integration tests cover the happy path and the listed cases
* Lead review","Highest","72000","","E5 Custody context and rig model","sti-501","sprint-1","deliverable-6","deliverable-7","migration","blocker"
"Story","[STI-502] Rig model: truck, trailer and foreman","Plan ID: STI-502 | Sprint: S1 Release 1 - by 24 Aug 2026 | Estimate: 16h (2d)

Full specification: docs/workings/RELEASE_1_SPRINT_PLAN.md

h3. Mechanism
Deliverable 7's redundancy point. A rig is one truck, one trailer, one foreman. Rather than storing that triple on every tool, store the rig once and derive tool -> trailer through the holder. The governing rule for this epic: store what varies independently, derive what does not.

h3. Acceptance criteria
* A partial unique index enforces one active truck and one active trailer per foreman
* The assignment's explicit trailer_id OVERRIDES the derived rig value. A tool can be somewhere other than its holder's usual trailer and the record must be able to say so
* Changing a foreman's rig does NOT rewrite historical assignments. History records where a tool was, not where it would be today

h3. Cases
* Foreman swaps trailers mid-job: new assignments pick up the new trailer, closed ones keep the old. This is the difference between a ledger and a spreadsheet
* Two foremen sharing one truck: refused by the index, with an error naming the current holder

h3. Depends on
STI-501

h3. Definition of done
* Reachable through the UI by a user with the right permission
* Custody-affecting changes write a complete ledger event
* Permissions checked, never role names
* Authorisation before data access
* Migrations committed with the code; CI green with no drift
* Integration tests cover the happy path and the listed cases
* Lead review","High","57600","","E5 Custody context and rig model","sti-502","sprint-1","deliverable-7","migration","",""
"Story","[STI-503] Backtrack view: tool to trailer, truck, project and PO","Plan ID: STI-503 | Sprint: S1 Release 1 - by 24 Aug 2026 | Estimate: 20h (2.5d)

Full specification: docs/workings/RELEASE_1_SPRINT_PLAN.md

h3. Mechanism
Deliverable 6, finally answerable. From any tool, resolve the full custody context (holder, project, truck, trailer, PO, since) and its complete history. Derived values fall back through the holder's rig when the assignment does not name them explicitly.

h3. Acceptance criteria
* Reachable from the tool detail page and from every table row that shows a tool
* Shows current context AND full history: each prior holder, project, truck and trailer, with dates
* Derived values are visually marked as derived, so nobody mistakes an inference for a record
* Works in reverse: from a trailer, list every tool currently in it

h3. Depends on
STI-501, STI-502

h3. Definition of done
* Reachable through the UI by a user with the right permission
* Custody-affecting changes write a complete ledger event
* Permissions checked, never role names
* Authorisation before data access
* Migrations committed with the code; CI green with no drift
* Integration tests cover the happy path and the listed cases
* Lead review","Highest","72000","","E5 Custody context and rig model","sti-503","sprint-1","deliverable-6","ui","",""
"Story","[STI-504] Drop the redundant custodian mirror","Plan ID: STI-504 | Sprint: S1 stretch - only if S1 lands early | Estimate: 8h (1d)

Full specification: docs/workings/RELEASE_1_SPRINT_PLAN.md

h3. Mechanism
vehicle.foreman_employee_id mirrors location.custodian_employee_id for the same physical thing. The schema comment already admits the location column is authoritative and the mirror exists only because three screens read it. Two writers, one truth: they will drift.

h3. Acceptance criteria
* One authoritative column
* Readers migrated
* The other column dropped in the same migration

h3. Definition of done
* Reachable through the UI by a user with the right permission
* Custody-affecting changes write a complete ledger event
* Permissions checked, never role names
* Authorisation before data access
* Migrations committed with the code; CI green with no drift
* Integration tests cover the happy path and the listed cases
* Lead review","Medium","28800","","E5 Custody context and rig model","sti-504","sprint-1-stretch","deliverable-7","migration","",""
"Story","[STI-505] Custody context tests","Plan ID: STI-505 | Sprint: S4 Foundation - PO and entity management | Estimate: 16h (2d)

Full specification: docs/workings/RELEASE_1_SPRINT_PLAN.md

h3. Mechanism
The fold is the highest-consequence pure function in the system and this epic changes its input shape.

h3. Acceptance criteria
* Fold tests across both snapshot shapes
* Rig uniqueness enforced
* Explicit trailer_id overrides derived rig value
* Backtrack correctness over a multi-hop history

h3. Depends on
STI-503

h3. Definition of done
* Reachable through the UI by a user with the right permission
* Custody-affecting changes write a complete ledger event
* Permissions checked, never role names
* Authorisation before data access
* Migrations committed with the code; CI green with no drift
* Integration tests cover the happy path and the listed cases
* Lead review","High","57600","","E5 Custody context and rig model","sti-505","sprint-4","deliverable-6","testing","",""
"Story","[STI-601] Attachment model and storage","Plan ID: STI-601 | Sprint: S4 Foundation - PO and entity management | Estimate: 20h (2.5d)

Full specification: docs/workings/RELEASE_1_SPRINT_PLAN.md

h3. Mechanism
A polymorphic attachment hanging off a project, a foreman or a tool, carrying an optional indexed po_number so the backtrack view can reach it. Scope discipline: this is NOT procurement. No requisition, approval chain, vendor workflow or receipt. Resist every temptation to grow it.

h3. Acceptance criteria
* Upload, list, download and delete (soft: an attachment is evidence)
* Type and size limits enforced server-side; PDF and common image types
* Storage keys are opaque and non-guessable; downloads are authorised per request, never served from a public path
* Filenames are sanitised; the original is preserved for display only
* Every upload and delete writes an audit event

h3. Cases
* The same PO number on several attachments across projects is legal, and searching the number returns all of them
* Upload arriving after the subject is deleted is rejected cleanly

h3. Definition of done
* Reachable through the UI by a user with the right permission
* Custody-affecting changes write a complete ledger event
* Permissions checked, never role names
* Authorisation before data access
* Migrations committed with the code; CI green with no drift
* Integration tests cover the happy path and the listed cases
* Lead review","Medium","72000","","E6 Purchase order attachments","sti-601","sprint-4","deliverable-5","migration","",""
"Story","[STI-602] Attachment UI","Plan ID: STI-602 | Sprint: S4 Foundation - PO and entity management | Estimate: 16h (2d)

Full specification: docs/workings/RELEASE_1_SPRINT_PLAN.md

h3. Mechanism
The attachment panel wherever a PO might be filed.

h3. Acceptance criteria
* An attachments panel on project, foreman and tool detail
* Drag-and-drop with visible progress
* PO number is an editable field on the row

h3. Depends on
STI-601

h3. Definition of done
* Reachable through the UI by a user with the right permission
* Custody-affecting changes write a complete ledger event
* Permissions checked, never role names
* Authorisation before data access
* Migrations committed with the code; CI green with no drift
* Integration tests cover the happy path and the listed cases
* Lead review","Medium","57600","","E6 Purchase order attachments","sti-602","sprint-4","deliverable-5","ui","",""
"Story","[STI-603] PO number search and backtrack link","Plan ID: STI-603 | Sprint: S4 Foundation - PO and entity management | Estimate: 8h (1d)

Full specification: docs/workings/RELEASE_1_SPRINT_PLAN.md

h3. Mechanism
The PO number is the handle that makes an attachment findable rather than merely stored.

h3. Acceptance criteria
* PO number is searchable from global search and returns tools, projects and foremen
* The STI-503 backtrack view shows the PO when one exists

h3. Depends on
STI-601, STI-503

h3. Definition of done
* Reachable through the UI by a user with the right permission
* Custody-affecting changes write a complete ledger event
* Permissions checked, never role names
* Authorisation before data access
* Migrations committed with the code; CI green with no drift
* Integration tests cover the happy path and the listed cases
* Lead review","Medium","28800","","E6 Purchase order attachments","sti-603","sprint-4","deliverable-5","deliverable-6","",""
"Story","[STI-701] Scope every list procedure","Plan ID: STI-701 | Sprint: S2 Dashboard - permissions and scoping | Estimate: 16h (2d)

Full specification: docs/workings/RELEASE_1_SPRINT_PLAN.md

h3. Mechanism
project.list is scoped server-side, but the KPI dashboard and several reports ignore project scoping entirely, so a PM currently sees fleet-wide numbers.

h3. Acceptance criteria
* Every list and report procedure applies visibleProjectScope
* Authorisation is applied to the query BEFORE execution, never as a post-filter over results
* A test asserts a PM cannot retrieve another project's tools through any procedure

h3. Depends on
STI-802

h3. Definition of done
* Reachable through the UI by a user with the right permission
* Custody-affecting changes write a complete ledger event
* Permissions checked, never role names
* Authorisation before data access
* Migrations committed with the code; CI green with no drift
* Integration tests cover the happy path and the listed cases
* Lead review","Highest","57600","","E7 Project scoping","sti-701","sprint-2","deliverable-10","security","",""
"Story","[STI-702] Project and group switcher consistency","Plan ID: STI-702 | Sprint: S3 Roles - org structure and Blocky migration | Estimate: 8h (1d)

Full specification: docs/workings/RELEASE_1_SPRINT_PLAN.md

h3. Mechanism
One switcher, one selected scope, honoured everywhere.

h3. Acceptance criteria
* One switcher, one selected scope, respected by every screen including reports and the dashboard
* The selection survives navigation and reload

h3. Depends on
STI-701

h3. Definition of done
* Reachable through the UI by a user with the right permission
* Custody-affecting changes write a complete ledger event
* Permissions checked, never role names
* Authorisation before data access
* Migrations committed with the code; CI green with no drift
* Integration tests cover the happy path and the listed cases
* Lead review","Medium","28800","","E7 Project scoping","sti-702","sprint-3","deliverable-10","ui","",""
"Story","[STI-703] Scoping matrix tests","Plan ID: STI-703 | Sprint: S3 Roles - org structure and Blocky migration | Estimate: 16h (2d)

Full specification: docs/workings/RELEASE_1_SPRINT_PLAN.md

h3. Mechanism
This is the test that catches a cross-tenant leak before a second tenant exists.

h3. Acceptance criteria
* A matrix test: for each role and each scope, assert exactly which projects are visible through every list procedure

h3. Depends on
STI-701

h3. Definition of done
* Reachable through the UI by a user with the right permission
* Custody-affecting changes write a complete ledger event
* Permissions checked, never role names
* Authorisation before data access
* Migrations committed with the code; CI green with no drift
* Integration tests cover the happy path and the listed cases
* Lead review","High","57600","","E7 Project scoping","sti-703","sprint-3","deliverable-10","testing","security",""
"Story","[STI-801] Agree the permission matrix with Urban","Plan ID: STI-801 | Sprint: S1 Release 1 - by 24 Aug 2026 | Estimate: 8h (1d)

Full specification: docs/workings/RELEASE_1_SPRINT_PLAN.md

h3. Mechanism
THIS IS A MEETING AND IT IS THE CRITICAL PATH. Book it for working day 2. STI-102, STI-403, STI-701 and STI-802 are all blocked on the output. Escalate on day 3 if it has not happened.

h3. Acceptance criteria
* A written matrix: every role against every permission, signed off by Urban
* Resolves the three 'admin' identities separately: System, Office and Equipment Administrator
* ANSWERS WHAT AN ENGINEER MAY DO. The role appears in Urban's requirements and nowhere in the codebase, and nobody has yet defined it
* Confirms whether mechanics log in or only hold tools. Holding custody and having an account are different things

h3. Definition of done
* Reachable through the UI by a user with the right permission
* Custody-affecting changes write a complete ledger event
* Permissions checked, never role names
* Authorisation before data access
* Migrations committed with the code; CI green with no drift
* Integration tests cover the happy path and the listed cases
* Lead review","Highest","28800","","E8 Permissions and role surfaces","sti-801","sprint-1","deliverable-11","rbac","blocker","decision"
"Story","[STI-802] Replace role-name branching with permission checks","Plan ID: STI-802 | Sprint: S2 Dashboard - permissions and scoping | Estimate: 20h (2.5d)

Full specification: docs/workings/RELEASE_1_SPRINT_PLAN.md

h3. Mechanism
The rule is already written in AGENTS.md and is not held everywhere. Scope resolution should read has_permission(actor, 'assets.view.all' | '.project' | '.crew' | '.own') and fall through in that order, never comparing role names.

h3. Acceptance criteria
* No actor.role == '...' comparison survives in routers or components. Grep is the test
* New scope permissions (assets.view.all, .project, .crew, .own) are added and seeded
* Adding a role requires no code change

h3. Depends on
STI-801

h3. Definition of done
* Reachable through the UI by a user with the right permission
* Custody-affecting changes write a complete ledger event
* Permissions checked, never role names
* Authorisation before data access
* Migrations committed with the code; CI green with no drift
* Integration tests cover the happy path and the listed cases
* Lead review","Highest","72000","","E8 Permissions and role surfaces","sti-802","sprint-2","deliverable-11","rbac","security",""
"Story","[STI-803] Role-shaped navigation","Plan ID: STI-803 | Sprint: S3 Roles - org structure and Blocky migration | Estimate: 16h (2d)

Full specification: docs/workings/RELEASE_1_SPRINT_PLAN.md

h3. Mechanism
nav-config.ts has two shapes, FIELD_NAV and DESK_NAV, and is explicit that this is deliberate: two shapes of navigation, not one list with items hidden. A PM falls through to DESK_NAV and gets the equipment administrator's surface. Whether the PM gets a THIRD shape is an open design question (see design/README.md); default to project scoping doing the work unless Urban says otherwise.

h3. Acceptance criteria
* Navigation is composed from permissions
* A user never sees a link they cannot open

h3. Depends on
STI-802

h3. Definition of done
* Reachable through the UI by a user with the right permission
* Custody-affecting changes write a complete ledger event
* Permissions checked, never role names
* Authorisation before data access
* Migrations committed with the code; CI green with no drift
* Integration tests cover the happy path and the listed cases
* Lead review","Medium","57600","","E8 Permissions and role surfaces","sti-803","sprint-3","deliverable-11","rbac","ui",""
"Story","[STI-804] RBAC matrix test","Plan ID: STI-804 | Sprint: S2 Dashboard - permissions and scoping | Estimate: 16h (2d)

Full specification: docs/workings/RELEASE_1_SPRINT_PLAN.md

h3. Mechanism
The matrix and the test must not be able to drift apart.

h3. Acceptance criteria
* For every role and every procedure, assert allowed or denied
* Generated from the STI-801 matrix so the test and the document cannot drift

h3. Depends on
STI-801, STI-802

h3. Definition of done
* Reachable through the UI by a user with the right permission
* Custody-affecting changes write a complete ledger event
* Permissions checked, never role names
* Authorisation before data access
* Migrations committed with the code; CI green with no drift
* Integration tests cover the happy path and the listed cases
* Lead review","High","57600","","E8 Permissions and role surfaces","sti-804","sprint-2","deliverable-11","rbac","testing",""
"Story","[STI-805] Permission-aware UI affordances","Plan ID: STI-805 | Sprint: S3 Roles - org structure and Blocky migration | Estimate: 16h (2d)

Full specification: docs/workings/RELEASE_1_SPRINT_PLAN.md

h3. Mechanism
Actions a user cannot perform should be absent rather than present-and-failing.

h3. Acceptance criteria
* Actions the user cannot perform are absent, not present-and-failing
* Server-side authorisation is unconditional regardless of what the UI renders. A hidden button is a usability affordance, never a security control

h3. Depends on
STI-802

h3. Definition of done
* Reachable through the UI by a user with the right permission
* Custody-affecting changes write a complete ledger event
* Permissions checked, never role names
* Authorisation before data access
* Migrations committed with the code; CI green with no drift
* Integration tests cover the happy path and the listed cases
* Lead review","Medium","57600","","E8 Permissions and role surfaces","sti-805","sprint-3","deliverable-11","rbac","ui",""
"Story","[STI-901] Custom dashboard tabs","Plan ID: STI-901 | Sprint: S2 Dashboard - permissions and scoping | Estimate: 20h (2.5d)

Full specification: docs/workings/RELEASE_1_SPRINT_PLAN.md

h3. Mechanism
Today user_preferences.dashboard holds { widgets, defaultTab } where defaultTab is one of two hard-coded values. Tabs become data: a DashboardTab row per user with name, position, is_default and an ordered list of panels.

h3. Acceptance criteria
* Create, rename, reorder and delete tabs; choose a default
* Per-user, per-tenant persistence
* Deleting the last tab is refused
* Reorder is optimistic with a pending guard. The job-group tick bug, where rapid consecutive changes were dropped, is the precedent to avoid

h3. Definition of done
* Reachable through the UI by a user with the right permission
* Custody-affecting changes write a complete ledger event
* Permissions checked, never role names
* Authorisation before data access
* Migrations committed with the code; CI green with no drift
* Integration tests cover the happy path and the listed cases
* Lead review","Medium","72000","","E9 Dashboard tabs and generated views","sti-901","sprint-2","deliverable-9","dashboard","migration",""
"Story","[STI-902] Panel registry","Plan ID: STI-902 | Sprint: S2 Dashboard - permissions and scoping | Estimate: 16h (2d)

Full specification: docs/workings/RELEASE_1_SPRINT_PLAN.md

h3. Mechanism
Panels are declared, not hard-coded per role, so Release 2 adds panels without touching role logic. Each registry entry pairs a panel id with the permission that gates it.

h3. Acceptance criteria
* A panel the user lacks permission for is not rendered AND not fetched
* Adding a panel is one registry entry

h3. Depends on
STI-802

h3. Definition of done
* Reachable through the UI by a user with the right permission
* Custody-affecting changes write a complete ledger event
* Permissions checked, never role names
* Authorisation before data access
* Migrations committed with the code; CI green with no drift
* Integration tests cover the happy path and the listed cases
* Lead review","Medium","57600","","E9 Dashboard tabs and generated views","sti-902","sprint-2","deliverable-9","dashboard","",""
"Story","[STI-903] Generated views from natural language","Plan ID: STI-903 | Sprint: S2 Dashboard - permissions and scoping | Estimate: 32h (4d)

Full specification: docs/workings/RELEASE_1_SPRINT_PLAN.md

h3. Mechanism
A PM describes the view they want and the system assembles it from the panel registry. packages/intent already parses natural language, so this extends built work rather than starting a capability. Parse intent, check it against the actor's visible scope, execute a scoped query, then select a panel and stream it. SPLIT THIS IF IT GROWS: 13 points is the ceiling.

h3. Acceptance criteria
* NON-NEGOTIABLE: the model chooses presentation, never scope. Authorisation is applied to the query before execution, never as a post-filter over results, and never delegated to the model
* NON-NEGOTIABLE: the LLM never receives raw data it should not see and never emits an ID. It returns labels and spans; resolution to IDs happens server-side under tenant scope, exactly as entity-resolve.ts already does. A hallucinated ID is then impossible by construction
* A generated view is savable as a tab panel
* An out-of-scope request is refused without revealing that the entity exists
* Failure is graceful: an unreachable parser degrades to the manual panel picker and does not break the dashboard

h3. Cases
* 'Show me tools on Trinity' from a PM not on Trinity: refused, and the refusal does not confirm Trinity exists
* Parser returns malformed intent: validation error, no query runs
* Ambiguous entity name: asks rather than guessing

h3. Depends on
STI-902, STI-701

h3. Definition of done
* Reachable through the UI by a user with the right permission
* Custody-affecting changes write a complete ledger event
* Permissions checked, never role names
* Authorisation before data access
* Migrations committed with the code; CI green with no drift
* Integration tests cover the happy path and the listed cases
* Lead review","Medium","115200","","E9 Dashboard tabs and generated views","sti-903","sprint-2","deliverable-9","dashboard","llm","security"
"Story","[STI-904] Dashboard scoping and default tab","Plan ID: STI-904 | Sprint: S2 Dashboard - permissions and scoping | Estimate: 8h (1d)

Full specification: docs/workings/RELEASE_1_SPRINT_PLAN.md

h3. Mechanism
The dashboard must obey the same scope as everything else.

h3. Acceptance criteria
* Every panel honours the STI-701 project scope
* The default tab loads on sign-in
* The choice is per user

h3. Depends on
STI-701, STI-901

h3. Definition of done
* Reachable through the UI by a user with the right permission
* Custody-affecting changes write a complete ledger event
* Permissions checked, never role names
* Authorisation before data access
* Migrations committed with the code; CI green with no drift
* Integration tests cover the happy path and the listed cases
* Lead review","Medium","28800","","E9 Dashboard tabs and generated views","sti-904","sprint-2","deliverable-9","dashboard","",""
"Story","[STI-905] Generated-view scope tests","Plan ID: STI-905 | Sprint: S2 Dashboard - permissions and scoping | Estimate: 16h (2d)

Full specification: docs/workings/RELEASE_1_SPRINT_PLAN.md

h3. Mechanism
The generated-view surface is the one place where a user's words influence a query, so scope enforcement is the whole test suite.

h3. Acceptance criteria
* For each role, assert that a generated query cannot reach out-of-scope data through any intent shape, including adversarial phrasing

h3. Depends on
STI-903

h3. Definition of done
* Reachable through the UI by a user with the right permission
* Custody-affecting changes write a complete ledger event
* Permissions checked, never role names
* Authorisation before data access
* Migrations committed with the code; CI green with no drift
* Integration tests cover the happy path and the listed cases
* Lead review","High","57600","","E9 Dashboard tabs and generated views","sti-905","sprint-2","deliverable-9","testing","security",""
"Story","[STI-1001] Blocky tokens and restyled primitives","Plan ID: STI-1001 | Sprint: S2 Dashboard - permissions and scoping | Estimate: 20h (2.5d)

Full specification: docs/workings/RELEASE_1_SPRINT_PLAN.md

h3. Mechanism
ADR-7. Express Blocky in the existing oklch token system in apps/web/app/globals.css rather than adopting the concept's hex values, so light/dark and the reserved status hues (--ok, --warn, --crit, --idle) keep working. Then restyle the shared primitives: radius down to 3-4px, JetBrains Mono for every numeral, 8-10px row density, zebra table rows, bare coloured status text in place of badges, a 3px left edge bar for state. The Radix primitives underneath are NOT replaced.

h3. Acceptance criteria
* Blocky is defined as tokens; no component hard-codes a hex value
* Light and dark both work; status hues stay reserved and never decorative
* Radix behaviour is untouched: focus traps, keyboard navigation and ARIA on dialog, popover, combobox and dropdown all still pass
* A single reference screen is converted end to end to prove the tokens before anything else migrates
* Numerals are tabular so columns of tags and counts align

h3. Cases
* A status colour that must survive both themes: verify against the oklch tokens, not the concept's hex
* A component with no Blocky equivalent in the concept: derive it from the tokens rather than inventing a second style

h3. Definition of done
* Reachable through the UI by a user with the right permission
* Custody-affecting changes write a complete ledger event
* Permissions checked, never role names
* Authorisation before data access
* Migrations committed with the code; CI green with no drift
* Integration tests cover the happy path and the listed cases
* Lead review","High","72000","","E10 Blocky design language","sti-1001","sprint-2","design-system","adr-7","ui",""
"Story","[STI-1002] Migrate existing surfaces to Blocky","Plan ID: STI-1002 | Sprint: S3 Roles - org structure and Blocky migration | Estimate: 32h (4d)

Full specification: docs/workings/RELEASE_1_SPRINT_PLAN.md

h3. Mechanism
Convert the built screens to the new language, highest-traffic first: tool register, jobsites, people, reports, inbox, dashboard. New UI is built in Blocky from the start, so this story covers only what already exists. Split it if it grows past 13.

h3. Acceptance criteria
* Every screen uses the Blocky tokens; no screen mixes the two languages
* No regression in behaviour: the story is a restyle, not a rewrite
* The field app (NativeWind) is explicitly out of scope. ADR-3's follow-up established the two clients share logic, not components

h3. Cases
* A screen whose density cannot survive the tighter rows: raise it in design review rather than keeping an exception in the code

h3. Depends on
STI-1001

h3. Definition of done
* Reachable through the UI by a user with the right permission
* Custody-affecting changes write a complete ledger event
* Permissions checked, never role names
* Authorisation before data access
* Migrations committed with the code; CI green with no drift
* Integration tests cover the happy path and the listed cases
* Lead review","Medium","115200","","E10 Blocky design language","sti-1002","sprint-3","design-system","adr-7","ui",""
